"1","Normale","RUE JEAN WOLTER (COIN RUE JEAN WOLTER, RUE JOS PAQUET)","08:00","79781.269340625, 71005.5226011062","1"
"2","Normale","498, ROUTE DE THIONVILLE","08:00","79453.39620000031, 70529.25899954322","1"
"7","Normale","36, CITE GRAND-DUC JEAN","09:00","77149.53380000031, 80149.6839995483","2"
"8","Normale","RUE DE L'EUROPE (COIN RUE DE L'EUROPE, RUE DE BRIDEL)","11:00","76315.2940973684, 79937.0326416523","2"
"9","Normale","RUE DE STEINSEL (COIN RUE ELTERSTRACHEN, RUE DE STEINSEL)","09:30","76981.4984032259, 80589.5652092248","2"
"10","Normale","111, ROUTE DE LUXEMBOURG (QUICK)","10:00","77096.68850000016, 79633.76839954726","2"
"11","Normale","96, ROUTE DE LUXEMBOURG","10:00","77039.69240000006, 79890.25729954713","2"
"12","Normale","62, RUE DE BRIDEL","08:30","76794.77589999977, 80090.22299954583","2"
"13","Normale","RUE ROGER BARTHEL (COIN RUE ROGER BARTHEL, RUE DES JARDINS)","09:00","76804.1043245614, 79411.932941652","2"
"14","Normale","RUE DE MAMER (COIN RUE DE MAMER, AM BONGERT)","09:30","71340.3169942149, 75735.06091938","3"
"15","Normale","RUE KLEISCHTER (COIN RUE KLEISCHTER, ROUTE DE DIPPACH)","11:30","71278.0881000001, 74440.6194813633","3"
"16","Normale","BELLE-ETOILE (INTERIEUR)","15:45","71437.0914500002, 76623.3473995445","3"
"18","Normale","RUE DE LUXEMBOURG (PLACE CIMETIERE, ROUTE DE LUXEMBOURG)","09:30","72672.5727857143, 74872.6260977594","3"
"20","Normale","26, RUE DE STRASSEN","09:30","72282.66559999996, 75575.60079954551","3"
"21","Normale","211, RUE DES ROMAINS","10:00","71743.08760000023, 75853.11939954595","3"
"22","Normale","CONCORDE (SHOPPING CENTER)","18:00","71754.0760971996, 75103.5745402405","3"
"29","Normale","222, ROUTE DE THIONVILLE","08:30","78111.9029000001, 72646.63269954344","4"
"30","Normale","100, RUE AUGUSTE CHARLES","09:00","78042.6482321429, 73828.8333424018","5"
"37","Normale","RUE DE SCHOENFELS (RUE DE SCHOENFELS, ALLEE DES SORBIERS)","10:00","74136.5611693069, 80707.9148292503","6"
"38","Normale","RUE DE LUXEMBOURG (ARRET BUS)","09:30","73391.6177000003, 80496.8172995462","6"
"39","Normale","1, RUE LUCIEN WERCOLLIER (BRIDELERSTUFF)","08:30","73854.9989, 79832.05519954604","6"
"40","Normale","12, RUE DES PRES","10:00","73639.16870000036, 79994.37469954701","6"
"41","Normale","2, RUE FRANCOIS-CHRISTIAN GERDEN (BUREAU DE POSTE)","16:00","73549.51379999981, 80235.91669954802","6"
"56","Normale","105, RUE D'EICH (CLINIQUE)","10:30","77598.13439999986, 77514.53799954674","5"
"58","Normale","2, CEINTURE BEAU-SITE","08:30","78156.36670000017, 70764.305499544","7"
"59","Normale","86, RUE DE BETTEMBOURG","08:00","78866.79330000003, 70220.66709954308","7"
"63","Normale","6, ROUTE DE TREVES (BANK AND BUSINESS CENTER)","18:30","83529.91830000002, 78202.89819954513","8"
"64","Normale","6, ROUTE DE TREVES","18:30","83529.91830000002, 78202.89819954513","8"
"72","Normale","106, RUE DE HAMM","11:00","79077.15490000045, 74694.59039954358","5"
"76","Normale","RUE PIERRE CONRARDY (COIN RUE CONRARDY, CITE KENNEDY)","09:00","78017.8273142856, 80475.2917209758","9"
"77","Normale","RUE DE LA GARE","09:00","77607.9186791666, 80854.1320495474","9"
"78","Normale","19, RUE PRINCE HENRI","09:00","77797.54009999988, 80566.43759954737","9"
"79","Normale","CEINTURE UM SCHLASS (ARRET BUS)","08:30","78611.8253528455, 70920.6201523891","10"
"82","Normale","38, RUE DE BETTEMBOURG","08:30","78724.10539999978, 70714.67519954467","10"
"87","Normale","40, AVENUE BERCHEM","08:30","78285.79609999993, 72672.00429954441","4"
"88","Normale","RUE DU COUVENT (ENTRE 18 ET 20 RUE DU COUVENT)","08:30","78416.3824787878, 72611.606778332","4"
"91","Normale","RUE MICHEL LUCIUS (RUE ERNEST BERES, RUE M. LUCIUS)","08:30","78486.0804500002, 71686.1057995436","4"
"92","Normale","5, RUE DE HESPERANGE (EGLISE, RUE DE HESPERANGE)","12:00","80239.22229999957, 72324.62419954379","11"
"93","Normale","57, RUE DE LA LIBERATION","09:00","80131.83559999987, 72482.47839954431","11"
"99","Normale","1, RUE DU FORT THUENGEN (HEMICYCLE (EXTERIEUR) KIRCHBERG)","18:30","78196.259409375, 77045.3182893897","5"
"101","Normale","1, PLACE DE L'EUROPE (PHILHARMONIE)","16:30","78153.05709999992, 76025.96989954787","5"
"106","Normale","RUE DE LA FERME (CITE WEISSTROFFER, RUE DE LA FERME)","10:00","75839.31598125, 69503.1401807934","12"
"107","Normale","8, RUE DE MERSCH","09:00","73152.96569999962, 81160.0469995473","13"
"108","Normale","28, RUE DE SAEUL","10:00","73048.90400000013, 81120.6080995489","13"
"136","Normale","11, AVENUE MARIE-THERESE (KONVIKTSGAARD - INTERIEUR)","09:00","76619.33700000028, 74597.5604995451","5"
"155","Normale","108, AVENUE DU DIX SEPTEMBRE","08:30","75914.95260000041, 74822.62409954348","5"
"177","Normale","11, RUE DES FOYERS","09:00","75623.11029999984, 75818.3673995449","5"
"183","Normale","117, RUE DE MUEHLENBACH","08:30","76725.12610000001, 77031.55479954489","5"
"192","Normale","105, RUE LAURENT MENAGER ((TERRAIN DE FOOTBALL))","08:30","77287.4909583107, 75176.8611846701","5"
"195","Normale","RUE KALTACHT (CITE KALTACHT, RUE SCHAFSTRACHEN)","10:30","74478.9556105265, 76111.7982574406","14"
"203","Normale","277, ROUTE D'ARLON","12:30","72539.67850000037, 76275.15399954448","14"
"204","Normale","71, RUE DES ROMAINS","08:30","72885.92650000006, 76026.95649954602","14"
"205","Normale","96, RUE DU KIEM","08:30","74116.55599999985, 75706.79089954567","14"
"206","Normale","RUE DU PLEBISCITE","08:30","73447.530375, 75774.5588295455","14"
"207","Normale","RUE RAOUL FOLLEREAU (COIN ROUTE D'ARLON, RUE RAOUL FOLLEREAU)","11:00","72051.5844918918, 76158.0980373835","14"
"208","Normale","VAL DES ROSES (VAL DES ROSES, RUE DE LA VALLEE)","08:30","73658.0163375, 76155.7209495452","14"
"209","Normale","23-25, RUE DU BOIS","10:00","72880.00399999972, 76456.0949995463","14"
"210","Normale","RUE MAESHIEL","08:30","83837.5292555555, 69726.5458717653","15"
"214","Normale","94, ROUTE DE DIEKIRCH","09:00","77565.53859999962, 81195.42339954732","9"
"218","Normale","1, FOND ST. MARTIN","10:30","77978.5811322222, 77082.0024017681","5"
"219","Normale","1, RUE ALY DUHR (MAISON LEY)","08:30","98259.62760000027, 77052.32989954633","16"
"220","Normale","RUE DE LUXEMBOURG (ECOLE)","08:00","83378.7028500001, 87309.3253370495","17"
"221","Normale","HEESCHBREGERWEE (ARRET BUS)","08:15","91539.2757555557, 90751.34058844","18"
"222","Normale","RUE VICTOR HUGO","11:00","86433.8851071429, 64007.8758852556","19"
"223","Normale","OP LAANGERT","09:00","84111.640667647, 64794.4209348357","20"
"224","Normale","KIERFECHSTROOSS","08:30","83882.3342032258, 65280.1506640579","20"
"225","Normale","29, PEITER VUN UESPELT STROOSS","10:30","84001.24710000024, 65488.29299954006","20"
"226","Normale","RUE DE LUXEMBOURG (DEPOT COMMUNAL)","08:30","90638.9285714286, 68853.2193158696","21"
"227","Normale","1, RUE KUMMEL","08:00","88829.55520000031, 100049.9637995537","22"
"228","Normale","101, GRAND-RUE","09:00","88665.19830000028, 100920.16919955403","22"
"229","Normale","89, GRAND-RUE","09:00","88662.95160000026, 100802.74099955481","22"
"230","Normale","ROUTE D'EPPELDORF","10:00","87942.4972707865, 101172.559009667","22"
"232","Normale","IEWESCHTGAASS","09:00","93948.8050928571, 90904.4033709798","23"
"233","Normale","8, KONSDREFERSTROOSS","09:00","93797.60790000025, 90949.48219955107","23"
"234","Normale","RUE DE REMICH (ADMINSTRATION COMMUNALE)","09:00","93526.9201142857, 66706.3353281134","24"
"235","Normale","ROUTE DU VIN (DEPOT SAPEURS POMPIERS)","08:30","93493.6147510204, 66208.9162495419","24"
"236","Normale","10, RUE NEUVE","08:30","89373.34980000005, 88134.82159954993","25"
"237","Normale","22, DUERFSTROOSS","09:00","96177.49000000022, 88758.76179954963","26"
"238","Normale","13, DUERFSTROOSS","10:00","96243.8669999996, 88680.85019954905","26"
"239","Normale","53, RUE D'ECHTERNACH","08:00","93308.75, 98844.34219955394","27"
"240","Normale","47, UM WUES (CIMETIERE)","08:00","92860.54499999995, 98994.83459955412","27"
"241","Normale","5, RUE DE CONSDORF (MAISON COMMUNALE)","08:30","93056.89230000041, 98514.4709995551","27"
"242","Normale","11, RUE DU CHATEAU","08:00","93769.31269999967, 83195.36069954753","28"
"243","Normale","RUE D'OLINGEN","08:00","92795.9765703704, 83657.1190884372","29"
"244","Normale","RUE FUERT","10:30","92013.9362333334, 77476.7712733554","30"
"245","Normale","BIGELBACH (FACADE MAISON N. 16)","08:30","88638.0730642858, 102857.228113841","31"
"246","Normale","82, HAAPTSTROOSS","09:00","94765.72360000017, 85641.46389954825","32"
"247","Normale","8, KIIRCHESTROOSS","09:30","94775.3143999996, 85726.51029954785","32"
"248","Normale","ROUTE DE DIEKIRCH (ARRET BUS)","08:00","93818.0053146341, 101647.146294677","33"
"249","Normale","DUERFSTROOSS","08:30","104832.820282759, 91712.9242340341","34"
"251","Normale","RUE DU CIMETIERE (MAISON SCHMIT)","11:00","83782.3046999999, 85458.7151870491","35"
"252","Normale","PLACE DE L'EGLISE (EGLISE)","10:00","91594.2953875001, 68996.4380120429","36"
"253","Normale","RUE D'ALTRIER","08:00","89603.9650000001, 93373.5709745522","37"
"254","Normale","11, BREINERT","08:00","92282.4477928572, 86421.6571316925","38"
"255","Normale","11, BROUCH (BIWER) (COTE MAISON 11)","08:00","70835.4867736041, 89267.3126074184","39"
"256","Normale","RUE JEAN HENGEN (MAISON COMMUNALE)","08:30","91115.6878799999, 61261.2988595395","40"
"257","Normale","4, RUE DE L'ECOLE","09:00","91328.99450000004, 75014.85009954427","41"
"258","Normale","RUE D'ALTRIER (MAISON 35)","08:00","89767.3384777777, 92755.2725106631","42"
"259","Normale","RUE DE LA MAIRIE (ADMINISTRATION COMMUNALE)","09:30","92338.1303785714, 93944.8329852664","43"
"260","Normale","RUE BUURGKAPP (CAMPING BURGKAPP)","09:30","92020.9282076923, 94014.926338014","43"
"261","Normale","96, ROUTE DE LUXEMBOURG (HOTEL DE LA GARE)","09:00","92454.11409999992, 93175.19789955096","43"
"262","Normale","22, ROUTE DE LUXEMBOURG","10:00","92126.40990000033, 93799.30709955178","43"
"263","Normale","RUE DE MOUTFORT (EGLISE)","10:00","84496.2882842106, 72438.6319521757","44"
"266","Normale","WAASSERKLAPP (CITE WAASSERKLAPP/ENDELSTROOSS)","11:00","86368.1577651163, 67851.6231367518","45"
"267","Normale","GEMENGEPLAZ (ADMINSTRATION COMMUNALE)","11:00","86541.9306158671, 67703.9917809078","45"
"268","Normale","34, KETTENGAASS","11:00","86429.60439999962, 67527.84559954274","45"
"269","Normale","9, RUE PRINCIPALE","10:00","101846.45380000028, 94367.45449955227","46"
"270","Normale","ROUTE DE REISDORF (ROUTE DE REISDORF)","08:30","90829.9892999999, 102156.829732888","47"
"271","Normale","9, RUE ANDRE DUCHSCHER (AUBERGE DE JEUNESSE)","12:00","98039.18900000023, 97593.5692995537","48"
"276","Normale","RUE DES BENEDICTINS (COIN RUE HOOVELEK (MORGENSTERN))","10:30","98181.7223856156, 97307.4080526314","48"
"286","Normale","1, RUE DE WORMELDANGE-HAUT (CITE LEHBOESCH)","11:30","96043.57280000018, 74505.13769954618","49"
"287","Normale","RUE ISIDORE COMES (EICHAMT)","11:00","95793.2918100001, 74149.187459545","49"
"288","Normale","ROUTE DU VIN","10:00","95485.74584, 73791.9653495446","49"
"289","Normale","289, ROUTE DE LUXEMBOURG","09:00","81123.9723541666, 84076.0600578817","50"
"290","Normale","RUE DE L'EGLISE (EGLISE)","09:00","89407.5989666665, 65119.381166208","51"
"291","Normale","RUE MARIE-JOSEE DENY (COIN RUE M-J DENY/RUE P. DIEDER.)","09:30","90737.0413, 62983.4250195408","52"
"292","Normale","RUE DE WINTRANGE (EGLISE)","10:00","90873.8253681817, 63296.8148449956","52"
"293","Normale","2, RUE D'ELVANGE","11:30","88870.24679999985, 61360.173799540535","53"
"294","Normale","RUE PRINCIPALE (MAISON LEESCH)","08:00","85700.4857515152, 82866.0381298512","54"
"295","Normale","RUE DE MONDORF (ANCIENNE ECOLE)","08:00","91450.1633859375, 67792.5572104799","55"
"296","Normale","7, RUE DU VILLAGE (MAISON SEFFER)","10:30","87694.49700000048, 71379.1672995453","56"
"297","Normale","RUE DE L'ECOLE (ECOLE)","08:30","90373.1954363638, 87078.3827177314","57"
"298","Normale","DRAIKANTONGSSTROOSS (PLACE PUBLIQUE)","12:30","85773.1039000001, 66626.458473455","58"
"299","Normale","2, RUE HEICHT","09:00","92569.66420000046, 81332.67179954822","59"
"301","Normale","42, DUERFSTROOSS","10:00","103766.71499999995, 93311.73869955228","60"
"302","Normale","GIRSTERKLAUS (CHAPELLE)","10:00","103790.1285875, 94555.3828370528","61"
"303","Normale","9, GIVENICH (MAISON 9)","08:30","102456.335347059, 90465.0360936689","62"
"304","Normale","RUE DU VILLAGE (ECOLE)","11:00","84587.8905326087, 88871.3548517242","63"
"306","Normale","RUE BUURG (EGLISE)","11:00","93268.256234375, 76463.2067182957","64"
"307","Normale","RUE DU RELAIS","10:30","93481.6385208334, 76051.1445162123","64"
"308","Normale","RUE DE BLUMENTHAL","09:00","88375.9551749999, 89530.6837120503","65"
"309","Normale","3, GEMENGEBRECK (DEPOT SAPEURS POMPIERS)","08:30","93722.87920000032, 72413.73349954447","66"
"310","Normale","24, GRAND-RUE (ADMINISTRATION COMMUNALE)","08:00","99748.92229999977, 82775.88099954772","67"
"311","Normale","1, SCHILTZENPLATZ (BUREAU DE POSTE)","17:30","99965.76480000002, 82784.37079954687","67"
"312","Normale","21, RUE DE MUENSCHECKER","09:00","99808.20010000006, 83378.90079954929","67"
"315","Normale","1, SCHAFFMILL","08:30","99703.91810000039, 82527.80209954934","67"
"316","Normale","11, RUE DES FOYERS (PIETERT)","09:00","99428.29059999998, 82503.97369954751","67"
"317","Normale","26, RUE DE LUXEMBOURG","08:00","99565.5099, 82824.93919954944","67"
"318","Normale","RUE VICTOR PROST","08:00","99883.8475799999, 82633.6927895482","67"
"319","Normale","ROUTE DE BEAUFORT","08:00","91618.9026, 99749.2924662218","68"
"320","Normale","8, HAGELSDORF","08:00","94098.2936166666, 84227.4197912152","69"
"321","Normale","RUE DU HALLERBACH","10:00","88315.8089083334, 98329.3645245539","70"
"322","Normale","6, RUE DE DALHEIM","09:30","82948.98519999998, 68353.57139954196","71"
"323","Normale","9, AM DUERF","08:00","91997.2134999996, 89484.3363995501","72"
"324","Normale","HAAPTSTROOSS","10:00","98690.3749916667, 90365.9645273285","73"
"325","Normale","10, HERSBERG","08:00","91521.89576, 91235.2491852655","74"
"326","Normale","1, RUE DE GIRSTERKLAUS","09:30","104896.98350000013, 94424.45579955373","75"
"327","Normale","102, RUE ANDETHANA","09:30","84653.09860000014, 80232.49549954705","76"
"328","Normale","6, RUE PRINCIPALE","09:30","58297.48410000003, 97186.55639955214","76"
"331","Normale","RUE RHAM (COIN RUE RHAM / RUE DE BOURGLINSTER)","09:30","85818.1452854839, 86415.0562818075","77"
"333","Normale","DITZEBIERG (ARRET CFL)","09:00","89875.1210500001, 91365.4284726283","78"
"334","Normale","RUE DE MERSCH (PLACE DE LA GARE)","08:30","83391.4520051547, 94555.3683593464","79"
"335","Normale","PLACE BLEECH (HOTEL DE LA POSTE)","08:30","83731.6932392857, 94334.7019316953","79"
"336","Normale","9, DUERFSTROOSS","09:00","99268.52290000023, 87349.5016995517","80"
"337","Normale","RUE DE CANACH (MAISON KOHL)","11:00","94294.452725, 74039.0417745447","81"
"338","Normale","2, RUE DE DIEKIRCH (ADMINISTRATION COMMUNALE)","08:30","76850.16199999956, 87368.25749955043","82"
"339","Normale","21, RUE DE L'EGLISE","09:00","77069.02379999963, 87373.11179954992","82"
"340","Normale","71, ROUTE DE FISCHBACH","10:00","77499.6497999998, 87505.24519955067","82"
"341","Normale","1, RUE DE BLASCHETTE (ADMINISTRATION COMMUNALE)","09:00","78086.4243000001, 85270.97799954865","83"
"342","Normale","RUE DE BLASCHETTE (COIN RUE DE LA VALLEE / BLASCHETTE)","10:00","78309.3791296296, 85330.0730162154","83"
"343","Normale","76, ROUTE DE LUXEMBOURG (BUREAU DE POSTE)","11:30","78014.64580000013, 84983.31219954888","83"
"345","Normale","12, SYRDALLSTROOSS","08:30","98483.82459999999, 85914.88029954923","84"
"347","Normale","2, RUE DE SAVELBORN","09:00","83411.20969999961, 97166.7766995534","85"
"348","Normale","50, RUE DE SAVELBORN","10:00","83600.74799999966, 97456.98989955314","85"
"349","Normale","RUE DE LA CHAPELLE","09:00","85713.6861124999, 71184.9762495438","86"
"350","Normale","19, RUE DE L'EGLISE","11:00","89701.62129999978, 80143.66099954756","87"
"351","Normale","17, RUE PRINCIPALE","11:00","89930.79310000033, 79930.11329954612","87"
"352","Normale","RUE DE LA GARE (GARE CFL)","08:00","75774.5058964286, 90846.0493852653","88"
"353","Normale","53, RUE GRANDE-DUCHESSE CHARLOTTE (CENTRE CULTUREL)","12:00","75397.88879999987, 90426.93579954922","88"
"355","Normale","RUE COMTE JEAN-FREDERIC D'AUTEL","10:00","75030.3990857143, 90169.4340595509","88"
"357","Normale","RUE NICOLAS WELTER","09:00","75044.6996409091, 89956.6191940963","88"
"359","Normale","UM MIERSCHERBIERG (TOPAZE)","08:00","75055.5796214286, 91687.124613837","88"
"360","Normale","7, RUE GRANDE-DUCHESSE CHARLOTTE (BUREAU DE POSTE)","16:00","75661.95629999974, 90622.59829955202","88"
"361","Normale","AM WANGERT","09:00","74964.2000076922, 91072.5501251922","88"
"362","Normale","CAMPING KROUNEBIERG (CAMPING (SAISON))","08:00","75236.2125943157, 90638.6018071798","88"
"363","Normale","PORT DE MERTERT","08:00","101796.905, 84672.2247217708","89"
"364","Normale","RUE DE MANTERNACH","08:00","102219.122225, 85614.6684602632","89"
"365","Normale","RUE HAUTE","10:00","102673.910617187, 85247.3678182989","89"
"366","Normale","AN DER OLEK","08:00","103989.914671429, 90037.0467519319","90"
"367","Normale","RUE D'ETTELBRUCK","09:00","76125.4056674418, 92712.271848389","91"
"368","Normale","UM BUER","09:00","101275.222066667, 90858.7127995519","92"
"369","Normale","22, AVENUE DES BAINS","10:00","88116.22900000028, 63115.92619954077","93"
"370","Normale","ROUTE DE REMICH (COIN RTE DE REMICH/AVENUE F. CL.)","09:30","88197.4765903225, 63519.2326947022","93"
"371","Normale","RUE DE LA RESISTANCE (COIN RUE RESISTANCE/ RUE FLAMM.)","09:00","88142.4160041667, 63998.6957870411","93"
"372","Normale","RUE JOHN GRUEN (COIN RUE DES BENEDICTINS/ J. GR.)","10:00","87688.8990574469, 63649.7357420941","93"
"374","Normale","MONTEE BELLE-VUE (RESIDENCE MONPLAISIR)","08:00","88845.4272500002, 63383.9908495408","93"
"376","Normale","1, ROUTE DE LUXEMBOURG","11:30","87426.22379999982, 63314.47679954065","93"
"377","Normale","8, AVENUE MARIE-ADELAIDE","08:00","88486.79299999957, 63390.37269954098","93"
"378","Normale","RUE D'OETRANGE (EGLISE)","11:30","86393.4593129032, 72793.3254350283","94"
"379","Normale","MILLBECH","12:00","85652.6870333333, 72450.9408128776","94"
"380","Normale","1, RUE DE L'AVENIR","09:00","77169.2428000002, 83044.41719954688","95"
"381","Normale","RUE DES ROCHERS (HOTEL DES CASCADES)","08:00","89997.9777750001, 95176.6766745522","96"
"382","Normale","202, RUE PRINCIPALE (ECOLE PRIMAIRE)","10:30","87215.30530000011, 77393.63499954599","97"
"383","Normale","RUE DU CHATEAU","09:30","86845.8289236364, 77466.927459546","97"
"385","Normale","1, ALE WEE","08:00","99702.4165294118, 85011.0072430783","98"
"386","Normale","23, RUE PRINCIPALE","08:30","85310.06249999999, 76442.78089954617","99"
"388","Normale","174, ROUTE DE TREVES","09:00","86332.09590000007, 79600.64869954702","100"
"389","Normale","RUE DES ROMAINS (ECOLE)","08:30","97033.8012276923, 77889.3730995464","101"
"390","Normale","OBERGLABACH (CHAPELLE)","11:00","78683.3528166666, 94509.2427578856","102"
"391","Normale","RUE NOMMERLAYEN (CAMPING)","11:00","80163.6993857145, 95133.2885566948","103"
"392","Normale","RUE PRINCIPALE (EGLISE)","10:00","80378.2760880952, 95625.3658281244","103"
"393","Normale","53A, RUE ANDETHANA","09:30","85255.55900000036, 80336.60929954742","104"
"394","Normale","77, RUE LAACH (PHARMACIE)","08:00","85861.49079999977, 80312.00379954568","100"
"395","Normale","RUE DE LA MOSELLE (COIN RUE DE LA MOSELLE/RUE DE L'EGLISE)","09:30","96720.5257967741, 79390.3167543854","105"
"397","Normale","RUE DE L'EGLISE (EGLISE)","08:00","86717.3517692308, 73830.0832610831","106"
"398","Normale","2, RUE DE ROODT-SUR-SYRE","08:30","90567.36099999957, 82810.44019954701","107"
"399","Normale","30, RUE PRINCIPALE (PLACE VILLAGE)","11:00","99591.4556999998, 94605.34289955266","108"
"400","Normale","RUE DU CHATEAU (CHATEAU)","08:30","75725.6084525, 92775.1297020518","109"
"401","Normale","POTASCHBERG","08:30","96481.2615636364, 82661.5067904569","67"
"402","Normale","1, RUE DE LA MONTAGNE","08:00","76510.61739999984, 86986.13919955009","110"
"403","Normale","58, RUE PRINCIPALE","10:00","84528.2216999997, 81129.02039954772","111"
"404","Normale","1, RUE PRINCIPALE","08:00","74130.8121999996, 90836.44159955141","112"
"406","Tardive","73, WAISTROOSS (MAISON COMMUNALE)","19:00","93256.71380000004, 61578.77619954051","113"
"407","Normale","PLACE NICO KLOPP (CENTRAL TELEPHONIQUE)","08:00","94024.4192875, 68023.195199543","114"
"408","Normale","RUE DE LA CITE (CITE BUSCHLAND)","11:00","95013.4482610169, 68634.6098554749","114"
"409","Normale","15, PLACE DU MARCHE","12:00","94459.00169999994, 67701.05859954117","114"
"411","Normale","RUE DE L'HOSPICE","10:00","94148.1595714286, 67539.0752923992","114"
"412","Normale","RUE DE LA GARE","08:00","94156.7512949152, 67898.9903859833","114"
"413","Normale","RUE WENKEL","09:00","94654.8963866666, 67939.4902462093","114"
"414","Normale","BEI DER KIIRCH (EGLISE)","10:00","86745.3450625, 90892.0210745514","115"
"415","Normale","AN DER GRUECHT (MAISON 6)","10:00","90755.6300444446, 89597.2408884392","116"
"416","Normale","RUE DE WORMELDANGE","08:00","88867.0236388889, 83577.8229078818","117"
"417","Normale","RUE DE REMICH (MAISON GERSON)","09:30","88428.6160833334, 70526.6393495441","118"
"418","Normale","RUE D'ASSEL (MAISON COMMUNALE)","08:00","90698.8927805555, 68409.1478162093","119"
"419","Normale","81, RUE DE LUXEMBOURG","09:00","76098.65380000044, 89628.50659955118","120"
"421","Normale","9, RUE DU PONT","08:00","104232.64809999993, 96801.06269955264","121"
"422","Normale","23, RUE DU BARRAGE","09:00","104348.33229999998, 96690.51759955399","121"
"424","Normale","RUE PRINCIPALE","11:30","66778.2894171428, 88222.716136693","122"
"426","Normale","55, RUE D'ITZIG","09:00","83468.95760000037, 75558.00339954476","123"
"427","Normale","76, RUE D'ITZIG","09:00","83192.57890000005, 75421.9676995468","123"
"428","Normale","77, RUE PRINCIPALE","11:00","84213.88360000036, 75458.86509954516","123"
"429","Normale","4, SAVELBORN (CHAPELLE)","11:00","86263.4617999997, 97279.6402995535","124"
"430","Normale","4, RUE DE MICHELSHOF (EGLISE)","09:00","93798.81929999961, 94112.07659955249","125"
"431","Normale","WAISTROOSS (ECOLE)","09:30","94164.7081936509, 59709.4555550951","126"
"432","Normale","51, WAISTROOSS (PONT)","09:30","94310.51150000005, 59662.43079953982","126"
"433","Normale","RUE DU VILLAGE","11:00","74436.2832692307, 87138.7805187803","127"
"434","Normale","RUE DE ROLLINGEN (EGLISE)","09:00","80028.6240464286, 90500.9837852653","128"
"435","Normale","RUE D'OETRANGE","10:30","86507.0599685714, 74930.8160795452","129"
"436","Normale","SCHLASSGEWAN","12:00","86449.523164, 75743.0993535454","129"
"438","Normale","RUE DU VILLAGE","09:00","87580.6660363635, 76309.7135927275","130"
"439","Normale","51, ROUTE DU VIN (ANCIENNE ECOLE)","10:30","93663.39960000015, 64122.457299541216","131"
"440","Normale","ROUTE DU VIN (PORT DE PLAISANCE (SAISON))","11:00","93666.9427795918, 64000.5998199491","131"
"441","Normale","130, ROUTE DE TREVES","10:00","85676.83069999987, 79424.87109954545","132"
"442","Normale","28, RUE DU CHATEAU","11:30","85137.38779999969, 79069.55299954579","132"
"443","Normale","DICKSSTROOSS (MAISON COMMUNALE)","09:30","94046.9567674158, 69853.6559928018","133"
"444","Normale","34, ROUTE D'ECHTERNACH (ECOLE)","09:00","102139.569810526, 98337.2717837646","134"
"445","Normale","41, RUE DE LA FORET","10:30","76600.47860000012, 82689.3785995474","135"
"446","Normale","RUE DU BOIS (COIN MTEE GOERGEN / BOIS)","10:00","76314.936788889, 82297.4213217697","135"
"448","Normale","RUE DES PRES (COIN RUE DES PRES / JF KENNEDY)","09:00","76893.1443788732, 82089.9533558857","135"
"449","Normale","RUE DES VERGERS (PARKING DERRIERE L'ECOLE)","11:00","76714.3369703703, 82703.616688437","135"
"450","Normale","RUE PAUL EYSCHEN (PLACE MICHEL RODANGE)","09:30","77099.3868492063, 82663.906115421","95"
"452","Normale","RUE PAUL EYSCHEN","09:00","77099.3868492063, 82663.906115421","95"
"453","Normale","27, RUE DE L'EGLISE (ADMINISTRATION COMMUNALE)","10:00","88081.7566999998, 70924.24809954427","136"
"454","Normale","2, RUE DE HOLLENFELS (ADMINISTRATION COMMUNALE)","09:00","68609.82079999984, 87080.98599954824","137"
"455","Normale","20, RUE DE LUXEMBOURG","09:00","68536.38439999986, 86925.12729954941","137"
"456","Normale","RUE DE BEYREN (ARRET AUTOBUS(VIS-A-VIS 63, RUE DE BEYREN 5376 UEBERSYREN))","10:30","87888.2068569106, 77465.8728499525","138"
"457","Normale","2, RUE DES FLEURS","09:00","88360.50229999982, 95776.04679955244","139"
"458","Normale","RUE WILTHEIM (MAISON COMMUNALE)","09:30","88574.5919583333, 69052.7887745425","140"
"459","Normale","63, GRAND-RUE (PONT FRONTALIER)","09:00","104312.36519999993, 86725.37019955005","141"
"460","Normale","5, GRAND-RUE (BUREAU DE POSTE)","17:00","103868.91079999978, 86605.52799955028","141"
"461","Normale","ROUTE D'ECHTERNACH (HOTEL HENGEN)","09:00","103960.445409677, 86953.4146027754","141"
"462","Normale","ROUTE DE LUXEMBOURG","08:00","103546.290001667, 86392.091371216","141"
"463","Normale","RUE DU BOCKSBERG","09:30","103718.320751786, 86835.9066995495","141"
"464","Normale","20, ROUTE DE WASSERBILLIG (CENTRE COMMERCIAL COPAL)","08:00","103144.380292593, 86086.799514364","89"
"465","Normale","8, DUCHSCHERSTROOSS","08:30","95742.5638234694, 84492.6041148548","142"
"466","Normale","3, ROUTE DE DIEKIRCH","08:00","95498.07189999985, 99842.05809955456","143"
"467","Normale","1, RUE DE HASSEL","10:00","82267.52940000033, 67526.4780995423","144"
"468","Normale","REIMECHERWEE (ARRET DE BUS)","08:00","88469.3417769231, 67357.4761880036","145"
"469","Normale","1, RUE DE L'EGLISE (EGLISE)","12:00","92588.02149999983, 65555.75779954215","146"
"470","Normale","35, WAISTROOSS (ECOLE)","12:00","93360.53160000032, 62993.763999541174","147"
"471","Normale","86, RUE PRINCIPALE (BUREAU DE POSTE)","08:45","97032.1244999999, 74925.15469954551","148"
"472","Normale","RUE PRINCIPALE","08:30","97046.2429570313, 74965.2607276702","148"
"473","Normale","RUE DE L'EGLISE (EGLISE)","10:30","97177.8701249999, 75144.5690995452","148"
"474","Normale","6-8, DUERFSTROOSS","08:00","92739.74789999983, 90096.97799955128","149"
"475","Normale","20, ALLERBORN","08:00","58944.9771697674, 122407.939925145","150"
"476","Normale","13, DUERFSTROOSS","09:00","68485.6222000001, 115111.24129956088","151"
"477","Normale","21, RUE DU LAC","08:30","56580.97539999985, 102931.3403995545","152"
"478","Normale","190, ASSELBORN (CHAPELLE, BEI 2 UEWELAANST)","11:00","65903.3037186814, 129186.110282533","153"
"479","Normale","142, ASSELBORN (EGLISE, 16 SCHOULKNIPPCHEN)","11:00","65903.3037186814, 129186.110282533","153"
"480","Normale","AM DUARREF (ENCEINTE DU CIMETIERE, VIS-A-VIS MAISON 18)","11:00","66804.8480000001, 134583.974819568","154"
"481","Normale","RUE PRINCIPALE (EGLISE)","09:30","54825.9666030303, 107142.607913194","155"
"482","Normale","20, OP DER TOMM","09:00","79579.98259999981, 106591.81059955689","156"
"483","Normale","6, HAAPTSTROOSS (PLACE DE L'EGLISE)","09:30","79720.58059999996, 106266.99079955723","156"
"484","Normale","7, DOERFSTROOSS","09:00","57000.77759999965, 109665.18699955996","157"
"485","Normale","13, ARELERSTROOSS (MAIRIE)","08:30","59210.3477999996, 88508.91759955158","158"
"486","Normale","37, HUEWELERSTROOSS","08:30","59809.81130000016, 88364.42259954881","158"
"487","Normale","22, DUARREFSTROOSS (EGLISE, AVANT 22 DUARREFSTROOSS)","12:00","74287.85130000024, 136679.92489957053","159"
"488","Normale","8, UM BURGKNAPP (RUE BOURGKNAPP, 8 EN FACE)","08:00","57649.410194, 113151.39370356","160"
"490","Normale","83, RUE PRINCIPALE","09:30","63404.420500000066, 95681.69459955252","161"
"491","Normale","15, KIERCHESTROOSS (EGLISE)","09:30","84168.8137731707, 108932.641328827","162"
"495","Normale","4, RUE DES ROMAINS","08:30","53002.40349999996, 101586.19169955481","163"
"496","Normale","25, RUE PRINCIPALE","08:30","52906.45490000026, 101980.96899955532","163"
"497","Normale","1, NEIMILLEWEE","08:30","55212.56979999969, 102587.90109955621","164"
"498","Normale","4, DUARREFSTROOSS","11:00","70624.0546000004, 131500.1070995673","165"
"499","Normale","12, DUARREFSTROOSS","11:00","70633.74600000029, 131734.59689956644","165"
"500","Normale","3, GRAND-RUE","09:30","72500.11629999986, 94958.19749955104","166"
"501","Normale","2, ROUTE DE FINSTERTHAL","09:30","72602.15629999993, 94820.753299553","166"
"502","Normale","12, ROUTE DE ROOST (COIN CITE STEEKRAIZ)","09:00","73224.45600000022, 94687.38209955134","166"
"503","Normale","17, RUE DU LAC (ECOLE)","08:00","81681.9309999999, 113994.67329956076","167"
"504","Normale","DUARREFSTROOSS (ARRET BUS (POTEAU P&T))","08:00","64523.1526050001, 63939.2306595411","168"
"505","Normale","10, AM DUERF","08:30","71573.40460000001, 119809.68179956358","169"
"506","Normale","HAAPTSTROOSS (PLACE DE L'EGLISE)","08:00","71895.5517400001, 119683.291099562","170"
"507","Normale","23, BOEVANGE","10:00","62990.4929592921, 123607.769760626","171"
"508","Normale","12, RUE DE LA GARE","08:30","68473.40340000018, 93403.58149955174","172"
"509","Normale","15, RUE DE HELPERT","08:30","68804.1813000003, 93485.05849955129","172"
"510","Normale","15, AM LETSCHERT","09:00","69143.07139999986, 93115.88649955159","172"
"511","Normale","1, INSENBORN","10:00","59420.4858638095, 107366.958462415","173"
"512","Normale","20, RUE JEROME DE BUSLEYDEN (BUREAU DE POSTE )","09:00","54680.98570000005, 105954.6335995564","174"
"513","Normale","25, GROUSSGAASS","08:00","72435.82330000027, 108358.61929955821","175"
"514","Normale","30, BOXHORN (15 AM ECK)","08:30","67512.0211895706, 127632.294232694","176"
"515","Normale","23, BRACHTENBACH (63 AM HUPPENECK)","09:30","61496.9816264368, 120715.387914505","177"
"516","Normale","15, HAAPTSTROOSS","10:00","77725.4314000001, 108566.9667995584","178"
"517","Normale","2, RUE DE KUBORN (COIN RUE DE RINDSCHLEIDEN/RUE DE KUBORN)","09:30","60862.67100000008, 102321.41549955512","179"
"518","Normale","10, DUARREFSTROOSS (ARRET BUS)","08:00","72489.00289999974, 132139.704899567","180"
"519","Normale","2, BRODERBOUR (MAISON 2 (ARRET BUS))","11:00","88810.68764, 83638.548550977","181"
"520","Normale","DUERFSTROOSS (ARRET BUS)","08:30","63520.5618794117, 111111.280414265","182"
"521","Normale","2, RUE BUERDENERHALS","08:00","74906.95419999957, 105354.92219955612","183"
"522","Normale","1, RUE ST. HUBERT (1, RUE HIEHL (COIN RUE ST HUBERT) (POTEAU))","08:00","74490.0900111111, 105380.525142069","183"
"523","Normale","RUE PRINCIPALE (EGLISE)","11:30","63146.7885357144, 99124.9108424111","184"
"524","Normale","BUURSCHTER PLAGE (HOTEL THEIS)","10:30","73801.5771500003, 108437.454049558","185"
"525","Normale","UM WASCHBUR (WASCHBUR)","09:00","65148.5204333331, 87880.6331995503","186"
"526","Normale","1, GRAND-RUE (CONTRIBUTIONS)","09:00","70090.02379999962, 124404.83449956325","187"
"527","Normale","22, GRAND-RUE","09:00","70195.34949999953, 124392.35449956438","187"
"528","Normale","5, RUE DE LA GARE (V-A-V. NO 5 - POTEAU)","08:30","69662.01169999973, 125105.13009956498","187"
"530","Normale","ABBAYE DE CLERVAUX (ABBAYE)","08:00","70229.0402499999, 124428.330032897","187"
"531","Normale","PLACE BENELUX (ANCIEN BUREAU DE POSTE)","17:00","69887.8552423078, 124672.111497367","187"
"532","Normale","10, RUE GRANDE-DUCHESSE JOSEPHINE CHARLOTTE","11:00","75007.4988000002, 97009.46019955393","188"
"533","Normale","1, RUE DE LUXEMBOURG (COIN RUE DU FAUBOURG RUE DE LUXEMBOURG)","10:30","74952.6865999997, 97558.9824995534","188"
"534","Normale","AVENUE GORDON SMITH (ENTREE GOODYEAR S.A.)","10:00","74721.3984463415, 97217.3801239438","188"
"535","Normale","6, RUE DE MERTZIG","10:00","74174.27340000031, 97720.69279955518","188"
"536","Normale","RUE DE MERTZIG (COIN ENTREE CHATEAU)","10:00","74135.4310999999, 97804.2877695535","188"
"538","Normale","2, KIERCHESTROOSS (ECOLE )","11:00","55291.93099999985, 91553.73079955026","189"
"539","Normale","FONDATION EMILE MAYRISCH (FONDATION E. MAYRISCH (RECEPTION))","11:30","55293.7641977779, 91550.3529706625","189"
"540","Normale","26-28, ALINE AN EMILE MAYRISCHSTROOSS","09:30","55007.35670000031, 92444.60789955109","190"
"541","Normale","7, RUE KNUPP","10:30","71774.49469999969, 115498.9689995616","191"
"542","Normale","CRENDAL (EGLISE)","08:00","60566.6064499999, 124767.989824564","192"
"543","Normale","32, DUERFSTROOSS","10:00","66138.28730000001, 111131.57889956023","193"
"544","Normale","8, DEIFFELT (18 STACKEMER PAD)","09:30","65277.5015131148, 125716.407419237","194"
"545","Normale","27, RUE DU LAVOIR (BAT. COMMUNAL)","08:00","64949.1438000001, 102592.932299556","195"
"547","Normale","55, DERENBACH","10:00","59761.7262495935, 119839.875715009","196"
"548","Normale","2, ROUTE DE GILSDORF","08:00","79612.31099999974, 103522.9685995553","197"
"550","Normale","22, RUE DES FLEURS","09:00","78620.5390999997, 103779.81719955514","197"
"551","Normale","30, ESPLANADE","08:00","79474.16069999989, 103935.1894995561","197"
"552","Normale","34, AVENUE DE LA GARE (GARE CFL )","08:00","78986.98529999981, 103371.3044995567","197"
"554","Normale","39, BAMERTAL","08:30","79251.30979999994, 104197.81889955659","197"
"555","Normale","47, RUE DE LA CROIX","09:00","79179.19589999969, 103620.38509955513","197"
"556","Normale","7, RUE DU ONZE SEPTEMBRE","10:30","78893.6232000003, 103566.5528995556","197"
"557","Normale","8, PLACE JOSEPH BECH","10:30","79488.98739999998, 103869.06909955532","197"
"558","Normale","104, RUE CLAIREFONTAINE","08:00","80269.81900000018, 103801.93889955556","197"
"561","Normale","CASERNE DE L'ARMEE HERRENBERG","08:00","79310.8138875001, 104603.883574557","197"
"562","Normale","45, GRAND-RUE","10:00","79424.93549999972, 103655.13869955453","197"
"563","Normale","PLACE GUILLAUME (BUREAU DE POSTE)","17:30","79207.8020555557, 103867.473888445","197"
"564","Normale","PROMENADE DE LA SURE (PASSERELLE)","10:00","79280.0049930232, 103284.061860021","197"
"565","Normale","DIRBACH (VIS-A-VIS MAISON 5)","09:00","70450.8864445946, 109421.068799558","198"
"566","Normale","32, DOENNANGE (V-A-V MAISON 32 (POTEAU))","08:30","64853.3094766234, 125233.518500863","199"
"567","Normale","DUERFSTROOSS (EGLISE)","09:00","56524.8143263158, 115314.962703069","200"
"568","Normale","26, DUERFSTROOSS","09:30","72958.3342000004, 122360.78809956375","201"
"569","Normale","DUEREFWEE (ARRET BUS)","12:30","68305.6376857143, 120466.143663849","202"
"570","Normale","ELWENTERSTROOSS (ARRET BUS)","08:30","69129.2902000001, 133477.786292901","203"
"571","Normale","ARELERSTROOSS","08:00","57680.0308466667, 91766.0399328845","204"
"572","Normale","15, HAAPTSTROOSS (ECOLE  )","08:30","57478.58930000011, 92079.48279954997","204"
"573","Normale","34, RUE DE REDANGE","08:00","60228.02771875, 93720.5989245521","205"
"574","Normale","76, HAAPTSTROOSS (ECOLE )","08:00","61897.52660000042, 87778.18339954942","206"
"575","Normale","2, IERWESCHT DUERF","08:00","67254.24650000043, 118288.64909956239","207"
"576","Normale","1, HAAPTSTROOSS","12:00","85737.50499999989, 101152.3963995555","208"
"577","Normale","1, SONNDESGAASS","11:30","83859.22489999983, 99317.12329955444","209"
"578","Normale","2, AN DER GAASS (ECOLE)","09:30","64159.875900000305, 115950.13849955994","210"
"580","Normale","19, PORTE DES ARDENNES","09:30","81198.0409204725, 85849.5344730402","211"
"581","Normale","2, AM FOUMICHTERWEE","10:30","63328.59829999972, 105596.54979955633","212"
"582","Normale","RUE PRINCIPALE (ARRET AUTOBUS (EN FACE DE L'EGLISE))","09:00","59780.5519333334, 98784.1067062209","213"
"586","Normale","1, KRAEIZ (MAIRIE )","08:00","64152.79030000054, 118220.86689956278","214"
"587","Normale","RUE DU VILLAGE (V-A-V. MAISON 24 (POTEAU))","08:00","68109.1713244048, 125256.257954922","215"
"588","Normale","29, RUE DE BASTOGNE","10:00","74811.23649999966, 101326.58729955602","216"
"589","Normale","49, RUE MICHEL RODANGE (COIN RUE M. RODANGE RUE J. FLIES)","08:30","73555.59839999958, 101830.70909955511","216"
"590","Normale","62, RUE PHILIPPE MANTERNACH (COIN RUE PH. MANTERNACH RUE J.A. ZINNEN)","08:30","74544.17, 101622.90339955522","216"
"591","Normale","10, RUE MICHEL WEBER (COIN CITE DES VERGERS RUE M. WEBER)","08:30","74790.4559000004, 101315.45209955469","216"
"592","Normale","76, GRAND-RUE","10:00","75143.50739999952, 101404.72039955536","216"
"593","Normale","14, PLACE DE L'HOTEL DE VILLE","10:00","75114.62640000042, 101285.02829955492","216"
"594","Normale","134, RUE DE WARKEN","09:00","74783.95170000008, 101813.05169955388","216"
"595","Normale","20, RUE DE WARKEN","10:00","74959.1177000003, 101493.30349955571","216"
"597","Normale","SQUARE DR CHARLES MARX (PRES CENTRE HOSPITALIER DU NORD)","16:00","74790.7802312944, 101483.237140809","216"
"598","Normale","43, RUE DR KLEIN (COIN AVENUE JF KENNEDY RUE DR KLEIN)","10:30","75300.6367741935, 101671.682796329","216"
"599","Normale","1, PLACE DE LA GARE (GARE D'ETTELBRUCK)","10:00","75577.21459999969, 101456.63199955403","216"
"600","Normale","72, AVENUE LUCIEN SALENTINY ((ECOLE AGRICOLE))","09:00","74790.7802312944, 101483.237140809","216"
"601","Normale","17, AVENUE DES ALLIES","08:00","75042.12700000034, 100849.09649955423","216"
"603","Normale","DUARREFSTROOSS (DUARREFSTROOSS PL. DE L'EGLISE (POTEAU))","08:00","79345.6250165878, 99568.5439763318","217"
"604","Normale","3, ROUTE DE PERLE (CARREFOUR, ARRET BUS)","08:30","52573.54870000014, 100121.93059955642","218"
"605","Normale","20, FLEBOUR (MAISON 20 (POTEAU))","08:30","54837.1551297979, 107130.080071275","155"
"606","Normale","35, RUE PRINCIPALE ((ANC. ECOLE))","10:00","58814.1671862433, 97828.5042101358","219"
"607","Normale","28, DIKRICHERSTROOSS","10:00","81815.31319999979, 108654.94759955816","220"
"608","Normale","10, KIERCHESTROOSS (ECOLE)","10:00","82075.07469999982, 108554.5009995588","220"
"609","Normale","RUE CLAIREFONTAINE (ARRET DE BUS )","08:00","81008.9739999999, 103954.218089556","221"
"610","Normale","36, RUE PRINCIPALE (ECOLE)","09:30","80905.67590000016, 103477.01469955464","221"
"611","Normale","2, OP DER GARE","09:00","71283.3289999999, 110111.541649558","222"
"612","Normale","41, HULDANGERWEEG (ARRET BUS)","09:30","68793.17059999987, 134863.47269956768","223"
"613","Normale","2, UM KNUPP (EGLISE )","09:00","65526.104600000195, 109657.8812995577","224"
"614","Normale","7, RUE PRINCIPALE","09:30","75047.27429999971, 111550.9925995594","225"
"615","Normale","RUE PRINCIPALE (CIMETIERE)","09:30","61807.3736202899, 102121.71778941","226"
"616","Normale","HAUPTSTROOSS (PLACE DE L'EGLISE  (PANNEAU))","08:00","72193.5142909092, 127644.808890475","227"
"617","Normale","31, RUE D'ETTELBRUCK","08:30","65550.4463, 99506.83589955352","228"
"618","Normale","2, RUE D'ARLON","10:00","65434.87700000031, 99113.32339955396","228"
"619","Normale","1, RUE DE BASTOGNE","08:30","65390.8974000001, 99258.06339955456","228"
"620","Normale","DUERFSTROOSS (ARRET AUTOBUS )","08:30","58799.2141095239, 116787.684909085","229"
"621","Normale","82, HACHIVILLE (EGLISE, VIS-A-VIS MAISON 82)","09:30","62412.4177511628, 130396.120396078","230"
"622","Normale","8, HACHIVILLE (CIMETIERE, VIS-A-VIS MAISON 8)","09:30","62412.4177511628, 130396.120396078","230"
"623","Normale","55, HAMIVILLE","08:00","60810.9822808988, 123531.535760238","231"
"624","Normale","1, PLACE ST. HUBERT","09:00","52603.03730000001, 110760.51159955967","232"
"625","Normale","15, RUE MGR. FALLIZE","09:00","52674.955400000305, 110943.2997995582","232"
"626","Normale","1, KIRCHERWEEG (BARRIERE)","10:30","66461.56709999968, 135239.61299956808","233"
"627","Normale","HULDANGERWEEG (PARKING DE L'EGLISE (POTEAU P&T))","10:00","64523.1526050001, 63939.2306595411","233"
"628","Normale","4, FUUSSEKAUL","08:00","67407.72350000034, 104842.47249955693","234"
"629","Normale","6, UM MAART","08:30","66309.8628000002, 105834.96299955597","234"
"630","Normale","4, AM CLEMENSBONGERT ( BUTTIK VUM SEI  (POSTSHOP))","16:30","66310.9165028688, 105937.392821278","234"
"631","Normale","5, AM GRONN","11:00","65110.09279999972, 107706.76799955658","235"
"632","Normale","HAUPTSTROOSS (ANCIEN BUREAU DE POSTE)","10:00","74081.8986355263, 128902.642383777","236"
"633","Normale","RUE DE L'EGLISE (EGLISE)","08:30","59262.6885909091, 102469.173972283","237"
"634","Normale","6, HOESDORF (COMICES AGRICOLES - MAISON 6)","08:30","86281.5642660377, 105450.847475028","238"
"635","Normale","68, HOFFELT (EGLISE, APRES MAISON 68 (POTEAU P&T))","09:30","64523.1526050001, 63939.2306595411","239"
"636","Normale","10, DUARREFSTROOSS","08:30","71347.19780000024, 132112.19809956767","240"
"637","Normale","3, RUE DU VILLAGE","08:30","52786.8332000002, 96943.53369955368","241"
"638","Normale","PLACE DE L'EGLISE","09:30","73092.6455374999, 116741.355137061","242"
"639","Normale","7, LISSENECK","09:00","73645.06219999958, 112423.26069956031","243"
"640","Normale","HAAPTSTROOSS (FACADE EGLISE)","08:30","74390.9098644068, 115403.511130069","244"
"641","Normale","43, HAAPTSTROOSS","08:00","74529.32830000014, 120317.59919956226","245"
"642","Normale","11, OP DER HEI","18:00","74385.0022, 119601.83409956309","245"
"643","Normale","7A, RUE PRINCIPALE","09:00","58253.54839999971, 97225.65559955285","246"
"644","Normale","2, KNEPPCHEN","11:00","61153.2450906976, 87557.1744390847","247"
"645","Normale","54, DUARREFSTROOSS","08:30","69068.10819999968, 136676.82699956768","248"
"646","Normale","4, OP D'SCHMETT","08:00","69756.77029999999, 138537.25559956956","248"
"647","Normale","2, HEIGAART","08:30","72192.25629999959, 128898.38679956594","249"
"648","Normale","4, ARELERSTROOSS (ARRET AUTOBUS)","08:00","60481.12370000035, 89076.03869955032","250"
"649","Normale","4, ROUTE D'ETTELBRUCK ( PARKING SUPERMARCHE CACTUS)","07:30","77085.44759999962, 101810.05699955534","251"
"650","Normale","2, RUE DU MANOIR (2, RUE LONGCHAMPS (COIN RUE DU MANOIR) (POTEAU P&T))","11:30","64531.89489999972, 63872.41699954047","251"
"651","Normale","41, RUE DE LA SURE (41, RUE DE LA SURE (COIN RUE DU BERGER) (POTEAU P&T))","12:00","64523.1526050001, 63939.2306595411","251"
"652","Normale","38, INSENBORN (ANCIENNE LAITERIE )","10:00","59420.4858638095, 107366.958462415","173"
"653","Normale","17, HAUPTSTROOSS (GITE RURAL)","10:30","75971.66770000017, 129766.75509956783","252"
"654","Normale","AN DER HIELT (ARRET BUS AN DER HIELT)","11:00","60959.8638571428, 109616.872899558","253"
"655","Normale","3, DUERFSTROOSS (HOTEL HATZ)","10:00","69155.05779999959, 113114.29329955962","254"
"656","Normale","5, OP DER GARE (GARE CFL)","10:00","69518.18630000018, 112715.66169955929","254"
"657","Normale","1, SCHEEDELERSTROOSS","08:00","70562.3453153846, 107211.67947648","255"
"658","Normale","55, DUERFSTROOSS (V-A-V. 55, DUERFSTROOSS (POTEAU))","08:30","65476.8995294643, 120222.10578617","256"
"659","Normale","1, RUE DE LA PAIX (ECOLE COMMUNALE)","08:30","56323.402300000176, 100709.27459955438","257"
"660","Normale","ZONE INDUSTRIELLE","09:00","54633.8541857142, 100622.920985269","258"
"661","Normale","4, AM DUERF","09:00","78439.82949999996, 118913.16689956095","259"
"662","Normale","14, RUE THEODORE WELBES","10:00","60865.19089999978, 103985.63149955572","260"
"663","Normale","6, HAAPTSTROOSS ( ARRET BUS)","10:00","77170.47040000008, 109975.50439955879","261"
"664","Normale","1, RUE DU CIMETIERE (EGLISE)","10:00","56172.9498000002, 94995.2906995531","262"
"665","Normale","29, DUARREFSTROOSS (EGLISE, APRES 29 DUARREFSTROOSS)","12:30","75713.0652999999, 136262.8521995693","263"
"666","Normale","IERWESCHT DUERF (PLACE DE L'EGLISE (POTEAU))","11:00","68753.8818, 116744.763704323","264"
"667","Normale","10, LENTZWEILER","08:00","66333.49776, 126061.601050993","265"
"668","Normale","PALLENERWEE (CHAPELLE)","09:00","57354.9760000001, 89326.5402524915","266"
"669","Normale","6, KIREWEE (FOYER CARITAS )","09:30","59036.79999999989, 108365.88989955974","267"
"670","Normale","46, HAUPTSTROOSS","11:00","75802.19689999988, 132240.55599956674","268"
"671","Normale","2, HAAPTSTROOSS","10:00","74043.31469999999, 109280.56679955899","269"
"672","Normale","13, AM DUERF ( ARRET BUS)","11:00","82693.51489999982, 107060.01279955741","270"
"673","Normale","45, LULLANGE (EGLISE (POTEAU))","09:30","63645.7626875, 125097.331158493","271"
"674","Normale","4, LULTZHAUSEN (EGLISE VIS-A-VIS MAISON 4)","09:30","60054.8663058823, 108349.671858381","272"
"675","Normale","9, MARBUERGERSTROOSS (TOTAL TANKSTELL)","08:30","73084.1464999998, 124271.357199564","273"
"676","Normale","16, HAAPTSTROOSS ( ARRET BUS)","10:00","72295.99390000012, 124323.9142995647","273"
"677","Normale","UM KNUPP (ARRET BUS)","08:00","70507.6820375001, 110676.814962058","274"
"678","Normale","7, DUERFSTROOSS (EN FACE CAFE PEIFFER (POTEAU P&T))","10:00","64490.52660000045, 63886.24979954186","275"
"679","Normale","12, DUERFSTROOSS","10:30","66503.16349999986, 114115.09349956007","276"
"680","Normale","1, RUE DE WAHLHAUSEN","09:00","75484.65330000035, 113354.73619955784","277"
"681","Normale","26, DUERFSTROOSS (EGLISE)","08:30","65833.36209999958, 104134.27909955663","278"
"682","Normale","17, RUE DE MICHELBOUCH","08:00","68370.90789999999, 99576.45489955501","279"
"683","Normale","19, RUE PRINCIPALE","08:00","68345.69450000022, 99881.37009955455","279"
"684","Normale","4, FLEIBERSTROOSS","11:30","74489.5321000004, 107046.55979955752","280"
"685","Normale","2, ROUTE DE MERTZIG","08:00","69285.23579999991, 98273.75219955329","281"
"686","Normale","1A, RUE DE LA GARE","09:00","85029.2736571428, 103663.448133842","282"
"687","Normale","DUEREFSTROOSS (PLACE DE L'EGLISE  (POTEAU))","11:30","70625.4469252632, 122172.759904827","283"
"688","Normale","2, AM DUERF (ECOLE)","11:30","77115.50119999981, 112606.79829956015","284"
"689","Normale","RUE PRINCIPALE (EGLISE)","08:00","57612.8879815789, 94983.0840048158","285"
"691","Normale","AN DER GAASS (ARRET BUS (POTEAU P&T))","09:30","64523.1526050001, 63939.2306595411","286"
"692","Normale","16, NEUNHAUSEN (ANC. ECOLE  MAISON 16)","10:00","59604.4086549295, 104698.546716458","287"
"693","Normale","25, ROUTE DE BASTOGNE","08:00","71208.6900000004, 102145.84219955484","288"
"694","Normale","1, RUE DE REICHLANGE","09:30","61507.563500000164, 91207.56609955017","289"
"696","Normale","49, NIEDERWAMPACH (BUSARRET A BEETEL (POTEAU POST))","08:30","56614.2122506173, 119567.929535365","290"
"697","Normale","6, DUERFSTROOSS","11:00","66241.89859999996, 112521.79359955997","291"
"698","Normale","81, DUERFSTROOSS","10:30","66192.3966181819, 112429.861613196","291"
"700","Normale","15, HAAPTSTROOSS (CIMETIERE  AUPRES 15, HAAPTSTROOSS)","10:00","61398.31419999988, 116229.03639956082","292"
"701","Normale","DUERFSTROOSS (ARRET BUS DUERFSTROOSS)","09:30","59356.7708466666, 111964.212072893","293"
"702","Normale","KOUNENHAFF (EN FACE CAMPING (POTEAU P&T))","09:00","64523.1526050001, 63939.2306595411","259"
"703","Normale","2, PLACE DE LA CHAPELLE","08:00","70341.19830000028, 101420.55949955444","294"
"704","Normale","2, ARELERSTROOSS (ENTREE PRINCIPALE PALL-CENTER 2, ARELERSTROOSS)","09:30","56452.933000000165, 88334.71869954957","295"
"705","Normale","10, TONTELERWEE","10:00","56316.34059999975, 88405.48139955034","295"
"706","Normale","10, OBERWAMPACH (AN D'AL MILLEN)","09:00","58007.8458071428, 120163.874245481","296"
"707","Normale","63, OBERWAMPACH (AM KIEMEL 2)","09:00","58007.8458071428, 120163.874245481","296"
"708","Normale","29, RUE PRINCIPALE","08:30","60946.65950000009, 94330.59889955206","297"
"709","Normale","9, RUE PRINCIPALE","08:30","61407.9456000002, 94014.21639955243","297"
"711","Normale","4, RUE DE L'EGLISE (GEMENG)","09:30","50906.4415459213, 97422.8147219101","298"
"713","Normale","HOUSERSTROOSS ( ARRET BUS (POTEAU))","12:00","68564.6103472, 117701.335326762","299"
"714","Normale","15, RUE DE LA FONTAINE (VIS-A-VIS 15, RUE DE LA FONTAINE (COIN RUE DU PONT))","10:00","63285.600113369, 95074.0571327077","300"
"715","Normale","149, RUE PRINCIPALE (VIS-A-VIS)","10:00","63270.32579999976, 94701.18189955255","300"
"717","Normale","28, RUE DE FOLSCHETTE","09:00","63270.961500000194, 96481.42619955339","301"
"718","Normale","1, NEIT WUNNEN","11:00","77960.41669999994, 113912.42349956045","302"
"719","Normale","7, VEINERSTROOSS (MAISON COMMUNALE (POTEAU P&T))","11:00","64490.52660000045, 63886.24979954186","302"
"720","Normale","18, RUE PRINCIPALE","14:30","56933.64439999961, 99580.2207995532","303"
"721","Normale","74, GRAND-RUE (BUREAU DE POSTE)","17:00","68987.6112595612, 93191.5469039407","304"
"722","Normale","38, GRAND-RUE (MAIRIE)","08:15","68987.6112595612, 93191.5469039407","304"
"723","Normale","5, GRAND-RUE","08:30","68987.6112595612, 93191.5469039407","304"
"724","Normale","RUE DE LA PISCINE (SUPERMARCHE CACTUS - POTEAU)","09:00","68987.6112595612, 93191.5469039407","304"
"725","Normale","3, RUE DE LA CHAPELLE","08:00","68987.6112595612, 93191.5469039407","304"
"726","Normale","1A, RUE DE LA MONTEE","08:00","62615.37459999976, 93235.01339955228","305"
"727","Normale","RUE ST. ROCH (COIN RUE DR LUCIUS - RUE ST ROCH)","12:00","64545.168673913, 95989.1284952051","306"
"728","Normale","6, ROUTE DE LA SURE (BUREAU DE POSTE)","10:00","86833.72640000004, 103738.03109955485","307"
"729","Normale","3, REULER (HOTEL ST HUBERT  MAISON 3)","08:00","70519.0852357894, 124722.945290091","308"
"730","Normale","REULER (PLACE DE L'EGLISE (POTEAU))","08:00","70519.0852357894, 124722.945290091","308"
"731","Normale","3, SCHOUSTERWEE","09:00","68689.93499999963, 109153.90779955793","309"
"732","Normale","1, DUERFSTROOSS","11:30","64793.313500000135, 90794.75149955045","310"
"733","Normale","RODER (CHAPELLE)","08:30","73857.9954694445, 124573.089874564","311"
"734","Normale","31, HAAPTSTROOSS (EGLISE (POTEAU P&T))","08:00","64523.1526050001, 63939.2306595411","312"
"735","Normale","RUE BELLE-VUE (RUE DE BIGONVILLE / RUE BELLE-VUE)","11:30","49507.6401243902, 100071.445701994","313"
"736","Normale","RUE DES TILLEULS (ARRET BUS)","11:00","49413.012936842, 99864.8780311334","313"
"737","Normale","2, KIERCHEWEE","10:30","54956.60300000009, 95583.6662995535","314"
"738","Normale","18, ROUTE DE LUXEMBOURG ( (POTEAU P & T))","08:00","64556.98859999983, 64001.45049954128","315"
"739","Normale","AM DUERF (AM DUERF ARRET  (POTEAU P&T))","08:00","64523.1526050001, 63939.2306595411","316"
"740","Normale","RUMLANGE (EGLISE  (POTEAU))","09:00","66097.2031186047, 127253.130362356","317"
"741","Normale","13, SASSEL (BURREWEE)","11:30","67644.323864, 129457.569023566","318"
"742","Normale","27, DUERFSTROOSS","10:00","66097.25470000041, 95310.49039955168","319"
"743","Normale","2, HAAPTSTROOSS (ARRET BUS VIS-A-VIS)","09:30","71092.8465, 106557.51099955646","320"
"744","Normale","72, ROUTE DE LUXEMBOURG","10:30","74816.72479999997, 99538.92149955365","321"
"745","Normale","117, ROUTE DE LUXEMBOURG","11:00","74842.80190000037, 99236.92719955415","321"
"747","Normale","11, SCHOULSTROOSS","10:00","72341.7123999996, 110888.24209955879","322"
"748","Normale","17, RUE PRINCIPALE","08:00","79011.60280000047, 96673.95229955323","323"
"749","Normale","12, HAAPTSTROOSS (ARRET BUS)","08:00","65705.06950000022, 90088.03109955088","324"
"750","Normale","31, SELLERSTROOSS","08:00","62519.993400000065, 87562.37499955005","325"
"751","Normale","22, DUERFSTROOSS (EGLISE  VIS-A-VIS , 22 DUERFSTROOSS)","09:00","64194.83229999988, 120391.21969956171","326"
"752","Normale","SIEBENALER (PLACE DE L'EGLISE (POTEAU))","08:00","69778.1004571428, 119558.785117419","327"
"753","Normale","RUE J-B DETERME ((CIMETIERE-POTEAU))","09:00","55293.0507879998, 114503.40035556","328"
"754","Normale","1, HAAPTSTROOSS ((EGLISE))","09:00","80313.543820197, 99334.3522310814","329"
"755","Normale","STOCKEM (EGLISE  (POTEAU))","09:30","64904.2352245283, 127090.625658056","330"
"756","Normale","2, RUE DE PUETSCHEID ( ENCEINTE CIMETIERE)","08:00","79886.28799999978, 114571.2783995599","331"
"757","Normale","4, RUE ST. ROCH","08:30","51996.2970444444, 107621.040589835","332"
"758","Normale","24, HAAPTSTROOSS (PARKING DE L'EGLISE (POTEAU P&T))","09:00","64523.1526050001, 63939.2306595411","333"
"759","Normale","5, VEIANERSTROOSS","08:00","81000.34119999969, 106994.74579955828","334"
"760","Normale","UM BIERG (COIN DUERFSTROOS-UM BIERG (POTEAU))","08:00","53318.9882138158, 113023.594009428","335"
"761","Normale","73, TROINE (BUSARRET UEWWENT DER KIRICH)","09:00","59554.8308938144, 125530.78290575","336"
"762","Normale","16, TROINE-ROUTE (ARRET BUS VIS-A-VIS MAISON 16 (POTEAU))","09:00","59293.7781563636, 123530.549606836","337"
"763","Normale","24, RUE DE LA GARE (GARE / CAFE ORION (POTEAU P&T))","09:00","64523.1526050001, 63939.2306595411","338"
"764","Normale","87, GRAND-RUE","08:30","67750.22449999955, 131691.71969956637","338"
"765","Normale","RUE JINKEN (RUE DE WILWERDANGE - RUE JINKEN)","08:30","68078.1879411765, 132151.145617214","338"
"766","Normale","16, RUE DE BINSFELD (V-A-V RUE DE BINSFELD, 16)","09:00","68185.6639923077, 131809.159338029","338"
"767","Normale","42, GRAND-RUE (BUREAU DE POSTE)","17:00","67903.33880000004, 131845.71379956743","338"
"769","Normale","AM DUERF (PLACE DE L'EGLISE)","09:00","78353.5051882352, 118713.26327015","259"
"770","Normale","4, ENNERSCHLENNER","10:00","72991.8908666666, 111173.256532892","339"
"771","Normale","BEIM SCHLASS (PLACE DU CHATEAU (POTEAU))","08:00","71221.1601220338, 126764.985696175","340"
"772","Normale","23, RUE DE BOEVANGE","10:00","66551.5940230769, 92904.0924226291","341"
"774","Normale","1, RUE DE BOEVANGE","15:00","66480.01920000001, 92813.41369955205","341"
"775","Normale","SCHEIERHAFF (CITE SCHEIERHOF)","10:00","82986.9641114875, 111145.517200443","342"
"776","Normale","59, GRAND-RUE (DICKS GAARD)","12:00","82562.19620000011, 110990.14219955848","342"
"777","Normale","1, RUE DE HUY (GARAGE FISCHELS)","09:00","83701.43570000028, 110863.36529955809","342"
"778","Normale","27, GRAND-RUE (BUREAU DE POSTE)","17:00","82762.09200000018, 110984.32569955869","342"
"779","Normale","2, RUE DE LA GARE (MUR D'ENCEINTE HOFFMANN)","08:30","83168.59520000035, 111070.71299955937","342"
"780","Normale","6, RUE DE LA GARE (HOTEL HOF V. HOLLAND)","08:30","83034.2681999998, 111118.44569955856","342"
"781","Normale","18, RUE DE LA GARE (EGLISE ST NICOLAS)","08:00","82916.88690000029, 111094.62479955863","342"
"782","Normale","32, RUE DU VIEUX MARCHE","09:00","82544.2198999999, 111445.07679955912","342"
"783","Normale","37, RUE DU SANATORIUM (TELESIEGE)","09:00","82735.25389999991, 111331.33699955835","342"
"784","Normale","124, GRAND-RUE (124, GRAND'RUE - MONTEE DU CHATEAU)","12:00","82406.3645000002, 111193.77329955745","342"
"786","Normale","32, RUE PRINCIPALE","10:30","67933.6429000003, 96418.08859955402","343"
"787","Normale","32, RUE PRINCIPALE (MAIRIE)","11:00","61011.87949999978, 100141.28769955387","344"
"788","Normale","12, PARC","11:30","75178.7467, 117671.45079956148","245"
"789","Normale","VEIANERSTROOSS (CARREFOUR RUE DECKT / DE VIANDEN)","11:30","75659.6047090909, 116815.079135925","345"
"790","Normale","35, AM DUERF","12:30","76894.6525999997, 116713.1847995609","345"
"791","Normale","2, GRENZWEE","11:30","88738.1837999998, 104416.64739955514","346"
"792","Normale","5, AN DER GAASS","08:00","80362.73419999983, 110127.46049955873","347"
"793","Normale","18, RUE DE WELSCHEID (V.-A-V. 18, RUE DE WELSCHEID (POTEAU P&T))","08:00","64556.98859999983, 64001.45049954128","348"
"794","Normale","74, RUE DE WELSCHEID (V.-A-V. 74, RUE DE WELSCHEID (POTEAU P&T))","08:30","64523.1526050001, 63939.2306595411","348"
"795","Normale","4, RUE ABBE WELTER","08:30","52638.26750000003, 112223.83379955922","349"
"796","Normale","WEICHERDANGE (BEI DER KIIRCH)","08:00","67047.3126544715, 122660.661573547","350"
"797","Normale","2, ROUTE D'ERPELDANGE (COIN: RUE DU VILLAGE / EISKNIPPCHEN)","08:00","63685.21800000036, 115306.77399955937","351"
"798","Normale","1, RUE DE HOSINGEN (ENCEINTE CIMETIERE)","11:00","76696.68499999958, 114287.73979956075","352"
"799","Normale","3, WEILER (WINCRANGE) (CHAPELLE)","09:00","73670.8570883117, 118161.065280081","353"
"800","Normale","52, DUARREFSTROOSS","08:30","73302.11880000029, 133469.14239956808","354"
"802","Normale","DUARREFSTROOSS (COIN DUARREFSTROOSS / GRUUSS-STROOSS)","08:30","73461.9075951807, 133587.26055258","354"
"804","Normale","7, WAARKSTROOSS","09:00","72711.2399000004, 105848.16959955786","355"
"805","Normale","1, RUE DE GRENTZINGEN (COIN RUE DES CHAMPS/RUE DE GRENTZINGEN)","09:00","74525.66530000046, 98129.66229955353","356"
"806","Normale","24, OP DER HAART (SHOPPING CENTER MASSEN)","11:00","72090.3819000004, 134955.50849956885","357"
"807","Normale","7, ROUTE DE KAUTENBACH (BUREAU DE POSTE)","17:00","63110.61500000021, 114719.28079956128","358"
"809","Normale","ROUTE DE NOERTRANGE (COIN RUE NOERTRANGE/RUE NEUVE)","08:00","62278.5211495049, 114933.821505501","358"
"810","Normale","1, RUE DU CHATEAU (CHATEAU, A COTE DE 1 GRAND-RUE)","08:30","63338.8826300001, 114719.21846956","358"
"811","Normale","6, GRAND-RUE","08:00","63405.50609999992, 114661.53739955969","358"
"812","Normale","8, ROUTE D'ETTELBRUCK","08:00","63308.06620000026, 114255.96099955883","358"
"813","Normale","1, PLACE DES TILLEULS","09:30","62939.619599999896, 114917.31689956003","358"
"815","Normale","13, RUE DES TONDEURS","08:00","63296.46609999984, 114638.0327995598","358"
"816","Normale","42, RUE DU DIX SEPTEMBRE","09:00","63231.5220804597, 115033.87058117","358"
"817","Normale","34, RUE DU PONT","08:30","62844.23450000025, 115051.24869956016","358"
"818","Normale","10, RUE GRANDE-DUCHESSE CHARLOTTE","08:00","63209.41469999969, 114594.63499955942","358"
"821","Normale","RUE MICHEL THILGES (CIMETIERE)","08:30","62572.1457192308, 114482.065011099","358"
"823","Normale","2, OP DER GARE (BATIMENT CFL)","08:30","67982.55580000022, 117157.86159956161","359"
"824","Normale","60, WINCRANGE (POSTSHOP)","09:00","62012.704572549, 124397.798669172","360"
"826","Normale","35, DUERFSTROOSS","11:00","59905.3590357143, 114821.856116227","361"
"827","Normale","RUE PRINCIPALE (KIOSQUE)","09:30","50801.6253833333, 99298.4900805069","362"
"828","Normale","22, RUE DU VILLAGE ((PARKING, ENTRE 22 ET 28))","08:30","73486.3085254238, 66530.3890571691","363"
"829","Normale","275, AVENUE DE LUXEMBOURG","09:30","62291.288099999525, 70938.5081995428","364"
"830","Normale","37, RUE DE LA RECONNAISSANCE NATIONALE","10:30","59813.68910000006, 69357.38129954379","364"
"831","Normale","83, AVENUE DE LUXEMBOURG","09:00","60939.32610000018, 69956.73939954171","364"
"832","Normale","RUE DE LA RESISTANCE (PARKING DE LA MAIRIE)","08:00","60986.6905973684, 70503.7739311223","364"
"833","Normale","23, ZONE OP ZAEMER","15:00","63131.33480000032, 69720.57319954399","364"
"835","Normale","BOULEVARD J-F KENNEDY (COIN CITE DE GAULLE ET AVENUE KENNEDY)","08:30","61909.2725986207, 69774.1826257502","364"
"837","Normale","50, CHEMIN ROUGE","08:00","63514.10570000022, 64230.778399540795","365"
"838","Normale","101, RUE DE LA GARE","08:30","62469.3711000001, 64522.32299954191","366"
"840","Normale","RUE DES CHAMPS (COIN ROUTE D'ESCH / RUE DES CHAMPS)","10:00","63578.5307621621, 64062.8753819735","365"
"843","Normale","112, RUE DE FRANCE","11:00","62071.64680000022, 63135.57419954219","365"
"845","Normale","1, RUE DE LA POSTE","08:30","62435.11160000042, 63756.73949953929","365"
"848","Normale","145, RUE DE SOLEUVRE","09:00","63109.02340000031, 64596.64199954134","365"
"852","Normale","RUE MECKENHECK (COIN RUE DE LA MONTEE / RUE MECKENHECK)","09:30","77033.66998, 67255.3965745423","367"
"853","Normale","2, RUE DU CHEMIN DE FER (GARE CFL)","09:30","77514.66399999987, 67552.94269954429","367"
"854","Normale","RUE OSCAR ROMERO (COIN RUE KOPECHT / RUE OSCAR ROMERO)","08:30","77314.7679189656, 67360.323456439","367"
"855","Normale","2, RUE DE L'ECOLE","09:00","70837.14510000037, 65565.2103995412","368"
"856","Normale","RUE BASSE (COIN RUE BASSE / RUE DE NOERTZANGE)","09:00","70787.5337933333, 65215.1836795416","368"
"859","Normale","RUE DE ROESER (COIN RUE DE BETTEMBOURG / RUE DE ROESER (EGLISE))","08:30","77623.049219173, 67770.935915708","369"
"861","Normale","RUE DR FERDINAND FRIEDEN","09:30","67519.9020333332, 78835.4124495466","370"
"862","Normale","AUTOROUTE AIRE DE CAPELLEN (AIRE DE CAPELLEN BP)","08:00","68491.7948705882, 78509.0980681738","370"
"863","Normale","AUTOROUTE AIRE DE CAPELLEN (AIRE DE CAPELLEN TEXACO)","08:00","68491.7948705882, 78509.0980681738","370"
"866","Normale","RUE DE BASCHARAGE (COIN RUE DE BASCHARAGE / RUE DE LA GARE)","10:00","59090.4856864407, 73021.2762181883","371"
"867","Normale","28, RUE DE L'EGLISE","11:00","58711.026100000345, 73845.76519954424","371"
"868","Normale","13, RUE DE HELLANGE","09:00","78389.01570000038, 66611.49259954141","372"
"869","Normale","18, RUE DE WEILER","10:30","78565.0358999996, 66816.19029954298","372"
"870","Normale","3, RUE DE L'ECOLE","12:00","63879.814100000134, 73843.39779954482","373"
"882","Normale","RUE EMILE MARK (ECOLE)","08:30","60316.073030303, 65307.6628712588","374"
"883","Normale","2, RUE BELLE-VUE","11:00","67442.35850000009, 72767.97249954486","375"
"887","Normale","2, ROUTE DE BOUDERSBERG","09:00","73104.50739999957, 61317.22849953863","376"
"888","Normale","132, ROUTE DE LUXEMBOURG","09:00","73924.34800000026, 61893.14449954133","376"
"889","Normale","175, RUE DE LA LIBERATION","09:30","73906.87449999998, 59534.376399538356","376"
"890","Normale","2, RUE DU NORD","09:00","74213.9151999997, 61977.17529954002","376"
"891","Normale","28, RUE TATTENBERG","09:00","73597.04949999978, 60442.578999539845","376"
"892","Normale","41, RUE LENTZ","09:30","74181.93969999999, 60625.70329953818","376"
"893","Normale","62, RUE PASTEUR","08:30","74544.68749999999, 61603.50389954079","376"
"894","Normale","62-64, RUE NIC. BIEVER","09:00","74670.74469999969, 61052.15319954014","376"
"895","Normale","8, RUE GARE-USINES","09:00","73478.7078022222, 59807.170752873","376"
"897","Normale","ROUTE DE ZOUFFTGEN (COIN ROUTE DE ZOUFFTGEN /RUE BENOIT)","08:30","74510.9026771186, 60430.6988953025","376"
"898","Normale","AVENUE GRANDE-DUCHESSE CHARLOTTE (GARE CFL)","08:30","73934.6033878048, 60702.5476849058","376"
"899","Normale","RUE DE L'HOPITAL (HOPITAL)","09:30","74035.4715613636, 59560.7169040847","376"
"901","Normale","PLACE GYMNICH","10:00","72752.9676666666, 61884.0252328739","376"
"902","Normale","28, RUE DU PARC","09:00","74267.9342, 60886.413399539706","376"
"903","Normale","16, RUE DU CENTRE ( (VIS-A-VIS ECOLE))","09:15","69061.9732414848, 68049.4335628614","377"
"904","Normale","57, RUE DU CENTRE","09:15","69246.7575000003, 67834.89769954313","377"
"905","Normale","Z.A.R.E. ILOT OUEST (ENTREE)","08:30","65658.8280400001, 64759.3617823984","378"
"906","Normale","RUE DE MONDERCANGE ( (EGLISE))","11:00","65387.9315859504, 65293.1882576682","378"
"908","Normale","2, RUE DE LA GAICHEL","10:00","59212.442200000456, 83539.8804995487","379"
"909","Normale","30, RUE DE LA MONTAGNE","09:30","59029.49160000027, 83475.30939954765","379"
"910","Normale","61, RUE DE WALTZING","09:30","58291.88480000012, 83102.89469954828","379"
"911","Normale","3, GRAND-RUE (VIS-A-VIS COIN RUE WALTZING/RUE DE LA VALLEE)","09:00","59186.18180000037, 83446.30919954722","379"
"912","Normale","UM DENN","09:00","59053.2828666667, 83291.5200662154","379"
"913","Normale","156, RUE DE LUXEMBOURG","10:00","67032.86940000026, 63572.1234995412","380"
"914","Normale","187, RUE DE BELVAUX","08:00","65268.40600000045, 63248.86249954126","380"
"915","Normale","3, BOULEVARD PRINCE HENRI","09:30","66294.80020000048, 61752.21279954033","380"
"916","Normale","4, AVENUE DE LA GARE","18:00","66647.32620000008, 62115.7207995395","380"
"919","Normale","GAICHEL (VIS-A-VIS DU HOTEL-RESTAURANT DE LA GAICHEL)","09:30","64332.0693722728, 75698.367625909","381"
"920","Normale","5, BOULEVARD PIERRE DUPONG (BUREAU DE POSTE ESCH LALLANGE)","17:00","67071.69469999989, 64004.81899954016","380"
"921","Normale","49, RUE DE BELVAUX (BUREAU DE POSTE ESCH NORD)","17:00","65878.5412999997, 63034.500599542014","380"
"924","Normale","11, BOULEVARD J.F. KENNEDY (GARE CFL)","18:00","66748.4835000001, 62174.89759954191","380"
"925","Normale","54, RUE EMILE MAYRISCH ( (HOPITAL DE LA VILLE))","09:00","66225.6803666668, 62812.9306744682","380"
"926","Normale","5, OP DER LEIER ( (MAISON DE RETRAITE))","08:30","66225.6803666668, 62812.9306744682","380"
"930","Normale","122, RUE DE L'ALZETTE (THEATRE)","09:00","66188.87930000013, 62009.589999540105","380"
"932","Normale","14, PLACE DES REMPARTS","18:00","66465.67810000012, 62495.23389954017","380"
"934","Normale","4, PLACE DE L'HOTEL DE VILLE","18:00","66789.91579999962, 62363.605199540696","380"
"938","Normale","3, RUE JEAN-PIERRE BAUSCH ((PARKING, VIS-A-VIS 3))","10:00","66225.6803666668, 62812.9306744682","380"
"939","Normale","2, RUE D'EHLERANGE","10:00","65734.18140000018, 63179.95319953927","380"
"940","Normale","207, RUE DE BELVAL","08:00","64667.966199999704, 62187.838399540204","380"
"948","Normale","2, RUE EMILE EISCHEN","08:45","67096.54260000034, 62240.35839953962","380"
"949","Normale","14, AVENUE DU ROCK'N'ROLL","10:00","63859.77460000016, 62975.3531995406","380"
"950","Normale","23, RUE MICHEL LENTZ ((ECOLE))","09:00","66225.6803666668, 62812.9306744682","380"
"951","Normale","18, RUE NICOLAS BIEVER","10:00","66293.88540000001, 63227.37089954008","380"
"952","Normale","51, ROUTE D'ESCH","12:00","73398.63619999959, 64915.633399542894","382"
"953","Normale","31, RUE CENTRALE","09:00","60600.7358999997, 74250.9142995459","383"
"954","Normale","8, OP HUEFDREISCH (CENTRE DE DISTRIBUTION)","16:00","95503.33229999992, 84650.24679954883","142"
"955","Normale","3, RUE THEODORE DE WACQUANT","11:00","68268.60250000002, 65601.67719954175","384"
"956","Normale","2, RUE DES SACRIFIES","09:00","64262.294900000095, 75554.21619954545","385"
"957","Normale","55, RUE DES TROIS CANTONS","08:00","64296.4397, 76111.61099954465","385"
"958","Normale","46, RUE DE L'ECOLE","09:00","64214.91710000021, 75762.44989954661","385"
"959","Normale","17, RUE DE HOLZEM","10:00","64482.503499999686, 75216.49679954513","385"
"960","Normale","RUE PRINCIPALE (COIN RUE PRINCIPALE / RUE DE WINDHOF)","08:30","65222.87018, 81697.2477595477","386"
"961","Normale","1, ROUTE DE LUXEMBOURG","08:00","66507.53650000037, 80568.64949954602","387"
"962","Normale","10, RUE PRINCIPALE","10:00","59936.4452999998, 77310.68609954712","388"
"963","Normale","10, TENTENERSTROOSS","09:30","66996.47070000041, 86033.97559954914","389"
"964","Normale","RUE PRINCIPALE (PLACE DE L'EGLISE)","08:00","62952.1687240384, 79412.8544255082","390"
"966","Normale","RUE DE BASCHARAGE (ECOLE)","11:00","61262.2487880597, 71073.9810368571","391"
"967","Normale","MUNNEREFERSTROOSS (COIN MUNNEREFERSTROOSS / HOENERWEE)","10:30","78850.076562963, 63767.9542365779","392"
"968","Normale","CRAUTHEMERSTROOSS (COIN CRAUTHEMERSTROOSS / SCHOULSTROOSS)","10:30","78585.4435194444, 63910.3980134298","392"
"969","Normale","RUE DE GARNICH (ECOLE)","10:00","62812.0793125, 74589.5088162118","393"
"970","Normale","11, RUE DE L'EGLISE","10:00","61564.54169999994, 83843.58259954854","394"
"971","Normale","25, GRAND-RUE (BUREAU DE POSTE)","08:30","61641.18639999998, 83658.78769954928","394"
"972","Normale","3, ROUTE DE GARNICH (ARRET BUS)","08:00","67381.89589999989, 75693.32669954495","395"
"973","Normale","ROUTE D'ESCH (COIN RUE HIEHL / ROUTE D'ESCH)","08:00","72512.5823036585, 64790.9397300291","396"
"974","Normale","38, RUE PRINCIPALE","10:30","61859.466799999645, 77493.50699954505","397"
"975","Normale","1, ROUTE D'ESCH","11:00","70334.46960000043, 61366.4483995406","398"
"977","Normale","43, RUE DU COMMERCE ((EGLISE))","10:00","70632.7917053046, 61332.6335221989","398"
"978","Normale","149, RUE PRINCIPALE ((CACTUS))","08:30","70550.7641400909, 60003.1743918122","399"
"980","Normale","RUE DU FAUBOURG ((ECOLE))","09:00","70632.7917053046, 61332.6335221989","398"
"982","Normale","RUE DE MAMER (COIN RUE DE MAMER / RUE HIEL)","08:00","70376.1346535714, 81249.5289549046","400"
"983","Normale","DOMAINE BRAMESCHHOF","09:00","71394.9960547619, 80227.6269685949","400"
"984","Normale","RUE DE MERSCH (PLACE DE L'EGLISE)","11:00","72884.1323789474, 84562.7615916538","401"
"985","Normale","14, RUE DE LA GARE","09:00","61767.7383692307, 78966.1978380081","402"
"987","Normale","RUE DE WINDHOF (COIN RUE PRINCIPALE ET RUE DE WINDHOF)","09:00","64231.2004278689, 81489.3672683998","403"
"989","Normale","35, RUE DU MOULIN","08:00","57361.17100000013, 68638.02609954371","404"
"990","Normale","AVENUE DE LA GARE (COIN EGLISE ET GARE)","10:30","57040.2307794872, 68238.9669798846","404"
"991","Normale","GROUSSWISS","09:30","57588.028011111, 68283.5240699128","404"
"992","Normale","81, PLACE DE SAINTIGNON","10:30","55847.32450000006, 65526.52719954204","405"
"994","Normale","96, RUE DE LA GARE","09:00","72037.43819999973, 71531.87919954443","406"
"995","Normale","RUE DE BETTEMBOURG (COIN RUE DE BETTEMBOURG / RUE DES ROSES)","08:30","72595.65375, 69844.7725072354","406"
"996","Normale","PLACE DES MARTYRS (COIN PLACE DES MARTYRS / RUE EICH (EGLISE))","08:00","72573.6116459955, 70653.4481815801","406"
"997","Normale","RUE CENTRALE","10:30","66227.9783486486, 69323.9811022457","407"
"998","Normale","20, RUE DE LA LIBERATION","11:00","59586.26640000008, 70116.23159954233","408"
"999","Normale","RUE DE BETTEMBOURG (ARRET DE BUS)","08:30","76392.8147647059, 66020.9465613066","409"
"1000","Normale","ZONE INDUSTRIELLE (Z.I. MATCH)","08:30","76450.8996751634, 66128.0399400648","409"
"1001","Normale","1, RUE DU COMMERCE","11:30","69549.15550000033, 77157.44229954417","410"
"1002","Normale","2, RUE DE LA GARE","10:30","69317.19099999961, 76801.51089954586","410"
"1003","Normale","5, RUE DU MARCHE (AM CIPA)","08:00","69756.63650000011, 76902.52449954487","410"
"1005","Normale","87, ROUTE D'ARLON","08:00","69313.02630000001, 77513.43779954551","410"
"1008","Normale","RUE GAASCHTBIERG (COIN RUE GAASCHTBIERG / RUE MONT ROYAL)","09:30","70528.706018, 77045.4572055458","410"
"1009","Normale","RUE DE DANGE ST. ROMAIN","09:30","70210.6779451613, 76725.7812576103","410"
"1010","Normale","ROUTE DE HOLZEM (COIN RUE DE HOLZEM / RUE DU BAUMBUSCH)","09:30","68938.0397016949, 76702.3966215797","410"
"1011","Normale","RUE DE DONDELANGE (CHAPELLE)","10:00","71764.1502285716, 83959.903799548","411"
"1012","Normale","20, RUE ARTHUR THINNES (BUREAU DE POSTE)","17:00","66824.63929999992, 66203.56659954347","412"
"1013","Normale","CITE JACQUES STEICHEN (COIN RUE D'ESCH / CITE JACQUES STEICHEN)","09:00","66789.1578807691, 65140.8088803107","412"
"1014","Normale","73, GRAND-RUE ((ARRET DE BUS))","11:30","66974.6942969975, 66421.8774506679","412"
"1015","Normale","94, RUE D'ESCH","09:00","67009.15950000007, 65526.63499954147","412"
"1016","Normale","RUE DE LIMPACH ( (TERRAIN DE FOOTBALL))","08:30","66974.6942969975, 66421.8774506679","412"
"1017","Normale","27, RUE DE PONTPIERRE ( (COIN RUE DE PONTPIERRE/RUE DE NEUDORF))","11:00","66974.6942969975, 66421.8774506679","412"
"1018","Normale","1, RUE DE SANEM","09:30","60627.00889999978, 67093.26249954109","413"
"1019","Normale","144, AVENUE DE LA LIBERTE","08:30","59985.73079999999, 66342.29919954207","413"
"1020","Normale","33, RUE DE L'EGLISE","10:00","59742.18989999965, 66908.97679954213","413"
"1021","Normale","37, ROUTE DE PETANGE","09:00","59858.900200000055, 67424.1404995419","413"
"1023","Normale","RUE MATHENDAHL","08:30","60161.9212499999, 67578.2058745426","413"
"1024","Normale","187, AVENUE DE LA LIBERTE (HOPITAL NIEDERCORN INTERIEUR)","15:30","59592.66459999977, 66479.88089954035","413"
"1025","Normale","ROUTE DE PETANGE (MAISON DE RETRAITE)","11:00","59864.7085472728, 67607.3294649969","413"
"1026","Normale","50, ROUTE PRINCIPALE","10:00","72045.22709999981, 63757.17529954151","414"
"1027","Normale","RUE DE LA GARE (GARE CFL)","10:30","71477.4719913794, 63656.2119064376","414"
"1028","Normale","1, RUE DE KEHLEN","08:30","68498.80730000047, 82109.82439954816","415"
"1031","Normale","2, RUE DES MINES","09:00","59852.589300000094, 64057.917799540824","416"
"1032","Normale","2, RUE PRINCE HENRI","09:00","60028.6934642857, 64170.4796656126","416"
"1033","Normale","34, RUE JEAN GALLION","11:00","60062.29540000016, 64485.67999954093","416"
"1035","Normale","19, ROUTE DE BELVAUX (BUREAU DE POSTE)","17:00","60305.19840000011, 64513.68389954183","416"
"1036","Normale","95, ROUTE DE BELVAUX","08:30","60761.641499999925, 64484.036699540186","416"
"1037","Normale","2, RUE DE NOSPELT","08:30","67810.2860000003, 80272.9333995471","417"
"1038","Normale","PLACE ROBERT SCHUMAN (CITE KURT -ROND POINT)","09:30","67402.5768999998, 79199.812899546","417"
"1039","Normale","73, RUE DE CRAUTHEM","08:30","77422.21929999997, 65932.24889954206","418"
"1040","Normale","RUE DE CRAUTHEM (RUE DE CRAUTHEM ( COUVENT VIS-A-VIS ))","08:30","77340.6069011451, 65611.0933323662","418"
"1042","Normale","110, ROUTE DE NIEDERKORN","11:00","58837.9198880121, 69215.2988341551","419"
"1044","Normale","29, ROUTE DE LUXEMBOURG","09:30","58837.9198880121, 69215.2988341551","419"
"1045","Normale","50, RUE ALOYSE KAYSER","11:00","58837.9198880121, 69215.2988341551","419"
"1046","Normale","87, RUE D'ATHUS","10:00","58837.9198880121, 69215.2988341551","419"
"1048","Normale","95, ROUTE DE LUXEMBOURG (COIN CITE CFL / ROUTE DE LUXEMBOURG)","08:00","58837.9198880121, 69215.2988341551","419"
"1049","Normale","RUE LEONARD SCHROEDER (COIN RUE LEONARD  SCHROEDER / RUE ANTOINE NANGERONI)","09:00","58837.9198880121, 69215.2988341551","419"
"1050","Normale","210, ROUTE DE LONGWY (COIN RUE DES JARDINS / ROUTE DE LONGWY)","08:30","58837.9198880121, 69215.2988341551","419"
"1051","Normale","RUE PIERRE HAMER (COIN RUE PIERRE HAMER / RUE MATHIAS ADAM)","08:30","58837.9198880121, 69215.2988341551","419"
"1052","Normale","COUR DE LA GARE (GARE CFL)","10:30","58837.9198880121, 69215.2988341551","419"
"1056","Normale","14, DUERFSTROOSS","10:00","67920.85390000042, 68296.88549954428","420"
"1057","Normale","GRAND-RUE ((EGLISE))","08:00","69883.1164534437, 66785.5489755752","421"
"1058","Normale","28, RUE DE LUXEMBOURG","09:00","70138.9599000002, 67098.98239954223","421"
"1059","Normale","1, RUE D'ESCH","08:15","69764.0996000004, 66817.06709954108","421"
"1060","Normale","37, RUE DE LA MONTEE","11:30","68654.85859999992, 69787.42749954292","422"
"1062","Normale","98, RUE JEAN-PIERRE HILGER","10:00","68395.7180716981, 69651.140080675","422"
"1063","Normale","2, CHEMIN DE BROUCK","09:30","56026.17219999992, 67865.15179954248","423"
"1065","Normale","331, ROUTE DE LONGWY","10:00","55116.723600000114, 67912.03429954228","423"
"1066","Normale","55, RUE DE LA FONTAINE","10:00","56507.46559999977, 67484.08399954317","423"
"1067","Normale","90, RUE NICOLAS BIEVER","10:00","56607.0612000003, 68106.92979954247","423"
"1069","Normale","464, ROUTE DE LONGWY (DOUANE)","10:00","54406.8498999998, 67429.90299954364","423"
"1070","Normale","ROUTE DE LUXEMBOURG (GARE)","08:00","56590.6122333332, 68507.3127828764","423"
"1071","Normale","176, ROUTE DE LONGWY (VIS A VIS NO 176)","09:00","55665.07930000035, 68279.19659954145","423"
"1072","Normale","18, RUE DE LUXEMBOURG","11:00","70251.09800000026, 70984.21889954344","424"
"1073","Normale","40, RUE D'ALZINGEN","08:30","78631.92989999996, 67772.88139954279","425"
"1074","Normale","52, GRAND-RUE","10:30","78285.23940000031, 67282.40539954194","425"
"1075","Normale","KIERCHEWEE (EGLISE)","09:30","54877.6847722223, 95658.7860884417","426"
"1076","Normale","1, RUE DES MARTYRS","09:00","70019.68709999973, 57979.68509953896","427"
"1077","Normale","2, GRAND-RUE (GARE CFL)","09:00","70137.68369999994, 58367.439099538045","427"
"1078","Normale","8, CITE HIERZESPRONG","09:00","69767.48230000027, 57796.46139953945","427"
"1079","Normale","87, GRAND-RUE","08:30","69756.07000000034, 58584.27579954087","427"
"1080","Normale","92, RUE D'ESCH","11:00","69023.4266999997, 58722.85159954011","427"
"1081","Normale","PLACE GRANDE-DUCHESSE CHARLOTTE (BUREAU DE POSTE)","17:00","70035.6176777779, 58501.8969773168","427"
"1082","Normale","7, RUE NICOLAS PLETSCHETTE (INTERIEUR MAISON DE REPOS)","10:00","69933.58119999988, 58058.0685995398","427"
"1084","Normale","1, RUE PRINCE HENRI","11:00","62246.95270000033, 67983.14389954154","428"
"1086","Normale","22, QUARTIER DE L'EGLISE","09:30","62551.712700000106, 68139.2155995436","428"
"1087","Normale","9, RUE ERMESINDE","08:15","62741.76049999986, 67886.44669954147","428"
"1089","Normale","7, CITE PAERCHEN","08:30","69092.6459999997, 63783.11389954157","429"
"1090","Normale","154, CITE EMILE MAYRISCH","11:00","68209.33760000023, 63477.471599540775","429"
"1091","Normale","21, CITE OP SOLTGEN","09:00","69312.35059999958, 63921.981199542264","429"
"1092","Normale","93, RUE BASSE (COIN RUE BASSE/CANAL)","10:00","69122.95729999989, 63590.11579954154","429"
"1093","Normale","RUE D'ESCH (COIN ROUTE D'ESCH / RUE MATHIAS KOENER (BARRIERE))","08:30","68794.4376307639, 63454.106715215","429"
"1094","Normale","2, RUE DE LA FORET","08:30","68493.56450000039, 63224.00149954033","429"
"1095","Normale","88, RUE DE NOERTZANGE","11:00","69617.86620000003, 63622.85649954","429"
"1096","Normale","RUE DES FLEURS (COIN RUE DES FLEURS / RUE BASSE)","12:30","69011.2313927273, 63174.4672313589","429"
"1097","Normale","33, RUE MICHEL RASQUIN","09:30","68457.45700000049, 62777.4784995396","429"
"1098","Normale","1, RUE BELAIR","10:30","64658.00040000025, 72335.79479954425","430"
"1099","Normale","2, RUE DU STADE","09:30","63989.572800000176, 71570.46389954476","430"
"1101","Normale","RUE DE LA GARE (COIN RUE DE LA GARE ET RTE DE LONGWY)","08:30","64855.6833928573, 71648.5300781149","430"
"1102","Normale","10, KIERCHEWEE","08:30","65263.8254857143, 85035.952442406","431"
"1103","Normale","144, RUE AESSEN","08:00","64459.61490000038, 65925.00419954155","366"
"1104","Normale","2, RUE PIERRE NEIERTZ","09:00","61761.4110000003, 65047.14359954179","366"
"1105","Normale","PLACE DE L'INDEPENDANCE","09:30","63273.4291500001, 65304.4200870418","366"
"1106","Normale","42, RUE DE LIMPACH","09:30","63538.368099999614, 66119.38889954223","366"
"1107","Normale","51, RUE DE DIFFERDANGE","11:30","63003.26250000019, 65383.33509954148","366"
"1108","Normale","241, RUE METZERLACH","09:00","63960.617999999806, 64487.26059954206","366"
"1109","Normale","27, RUE DE LIDICE","09:00","63834.7918999996, 64653.111699542045","366"
"1110","Normale","RUE F-D ROOSEVELT (COIN RUE ROOSEVELT / RUE MICHEL RODANGE)","10:00","63599.608265, 65008.4139145413","366"
"1111","Normale","60, RUE WAASSERTRAP (MAISON DE RETRAITE)","08:00","63020.4798999997, 63800.99399954199","365"
"1112","Normale","14, RUE DE LA CHAPELLE","08:00","65292.97599999982, 71668.78739954384","432"
"1113","Normale","19, RUE DE HOBSCHEID","09:00","61824.13760000001, 80915.80619954706","433"
"1115","Normale","48, CITE DE L'USINE","09:00","61895.82299999987, 81308.13169954771","433"
"1116","Normale","53, RUE DE LUXEMBOURG","08:30","62161.8978000004, 80613.54239954703","433"
"1117","Normale","60, ROUTE D'ARLON","12:00","60942.54789999964, 80514.22269954652","433"
"1118","Normale","72, RUE DE LUXEMBOURG","08:00","62176.1099847619, 80593.4803185948","433"
"1120","Normale","2, RUE PRINCIPALE","09:30","70550.7641400909, 60003.1743918122","399"
"1121","Normale","9, RUE THOMAS BYRNE","08:30","70550.7641400909, 60003.1743918122","399"
"1122","Normale","2, RUE PIERRE SCHILTZ","09:00","70550.7641400909, 60003.1743918122","399"
"1123","Normale","18, RUE DES TROIS CANTONS","08:30","69323.88319375, 67285.804355792","434"
"1124","Normale","RUE DE L'ECOLE (ECOLE)","08:30","79381.3084923078, 92054.111284167","435"
"1125","Normale","RUE DE LA VALLEE","10:00","70799.3710571428, 85258.465235263","436"
"1126","Normale","17, RUE D'ETTELBRUCK (EGLISE)","08:30","76115.40899999996, 91547.06829955037","437"
"1127","Normale","RUE DE LUXEMBOURG","08:00","76101.1624999996, 108631.552499558","438"
"1128","Normale","3, RUE DE WORMELDANGE (ARRET AUTOBUS)","10:00","79710.7233999996, 85301.60179954839","439"
"1129","Normale","146, ROUTE DE LUXEMBOURG","10:00","78031.3761685714, 84507.2856938348","440"
"1130","Normale","154, ROUTE DE LUXEMBOURG (CIPA - A L'INTERIEUR)","10:00","77886.49749999965, 83870.65299954965","441"
"1131","Normale","CITE ROGER SCHMITZ","11:30","78171.1480292994, 83737.8415434975","441"
"1132","Normale","RUE DE LUXEMBOURG (CHAPELLE)","09:00","69240.8520750001, 85167.9004245491","442"
"1133","Normale","ROUTE D'ARLON (EGLISE)","09:30","69688.9924315789, 89159.3660079714","443"
"1134","Normale","1, AM MOUL","09:00","68513.0959142858, 90444.0341881223","444"
"1135","Normale","1, SCHOULSTROOSS","11:00","87548.01530000012, 94858.78069955358","445"
"1136","Normale","RUE DE L'EGLISE","11:30","77525.6394142857, 96177.2614388388","446"
"1137","Normale","RUE NEUVE (CAFE RODESCH-SEIL)","11:00","77336.8420000001, 96009.8564551085","446"
"1138","Normale","ROUTE DE LUXEMBOURG (CAFE BEIM MONIQUE)","10:00","70135.2374142856, 83767.6493995489","447"
"1139","Normale","RUE DE LAROCHETTE (ARRET BUS RUE D'ERNZEN)","11:30","83838.1591191489, 93227.9251357224","448"
"1140","Normale","RUE DE L'EGLISE (EGLISE)","08:00","81262.1982909091, 90233.2358086416","449"
"1141","Normale","95, ROUTE DE MERSCH (EGLISE)","08:30","76211.87220000011, 87935.81919954921","450"
"1142","Normale","UM RIESENHAFF (AUBETTE)","08:00","70108.2124416668, 91999.2353495514","451"
"1143","Normale","27, OP DER STROOSS","10:00","85267.05870000001, 92792.41079955122","452"
"1144","Normale","13, RUE DE LA FORET VERTE","09:00","77966.0695000003, 82144.25239954781","453"
"1145","Normale","25, RUE DE LUXEMBOURG","08:30","77789.1398999999, 82204.15579954765","453"
"1146","Normale","RUE FAUTELFIELS","08:30","78158.6163666666, 84454.8723412152","440"
"1147","Normale","RUE DU CHATEAU (EGLISE)","09:30","71452.9819187499, 86444.1825432994","454"
"1148","Normale","38, RUE DE STEINSEL (EGLISE)","09:00","77250.03280000019, 84711.244299549","455"
"1149","Normale","OP KENGERT (CAMPING KENGERT)","10:00","83616.3075796841, 94488.1888047442","79"
"1150","Normale","CHEMIN J-A ZINNEN (15, RUE DE MERSCH)","09:30","83640.0246566666, 94473.8281395525","79"
"1151","Normale","RUE DE MEDERNACH (BUREAU DE POSTE)","17:00","83742.802, 94753.0836850072","79"
"1152","Normale","42, ROUTE DE LUXEMBOURG (MUR CIMETIERE , VIS A VIS 42 RTE DE LUXEMBOURG)","09:00","74903.04250000046, 99763.48849955495","321"
"1153","Normale","ZONE INDUSTRIELLE IN DEN ALLERN","09:00","68471.0742041667, 132498.403387067","338"
"1154","Normale","156, ROUTE DE LUXEMBOURG","08:00","75178.51580000014, 65758.84539954158","456"
"1155","Normale","19, RUE DE LA GARE","08:30","75107.29250000049, 64881.313199542165","456"
"1157","Normale","69, ROUTE D'ESCH","08:30","74713.04389999992, 64761.424799540786","456"
"1159","Normale","RUE FERNAND MERTENS (COIN RUE MERTENS / RUE PASTEUR)","10:30","75863.656820202, 64615.3256581271","456"
"1160","Normale","RUE KLENSCH (COIN RUE KLENSCH / RUE DE PEPPANGE)","09:00","75658.4145051282, 64673.2609072338","456"
"1161","Normale","RUE NICOLAS BIEVER (COIN RUE NIC BIEVER / RUE DU VERGER)","08:00","75594.0112344827, 64237.1523460929","456"
"1162","Normale","PLACE DE LA GARE (GARE CFL)","10:00","75188.0662000003, 64648.8363995426","456"
"1163","Normale","30, ROUTE DE LUXEMBOURG (COIN RUE DU NORD / 30 RTE DE LUXEMBOURG)","08:30","75028.4618672131, 65151.6686077383","456"
"1171","Tardive","110, AVENUE GASTON DIDERICH (AV GASTON DIDERICH 110 EGLISE)","19:00","75705.78380000031, 75110.46929954475","5"
"1175","Tardive","1, BOULEVARD PIERRE DUPONG (BUREAU DE POSTE BELAIR)","19:00","75871.4514258065, 74452.0305511578","5"
"1177","Tardive","10, AVENUE GUILLAUME","19:00","76412.1736000004, 74693.08079954563","5"
"1183","Tardive","111, RUE DES MARAICHERS","19:00","77977.90330000037, 76715.67549954618","5"
"1193","Normale","AEROPORT DE LUXEMBOURG (AEROGARE)","11:00","82204.7222881356, 76923.0137419187","457"
"1195","Tardive","4, RUE DE TREVES (CARGOLUX)","19:00","82577.62920000029, 76862.61469954657","457"
"1200","Tardive","BOULEVARD J-F KENNEDY (COIN BD KENNEDY/AV DE LUXEMBOURG)","19:00","61909.2725986207, 69774.1826257502","364"
"1201","Tardive","AVENUE DE LUXEMBOURG (SUPERMARCHE CACTUS BIFF)","19:00","61598.2336085526, 70462.9492765172","364"
"1202","Tardive","58, RUE DE LA POSTE (BUREAU DE POSTE)","19:00","62686.12420000047, 63996.34599954178","365"
"1203","Tardive","8, RUE DE L'INDEPENDANCE (BUREAU DE POSTE)","19:00","75082.67879999989, 64665.45639954153","456"
"1204","Tardive","RUE MICHEL RODANGE (BUREAU DE POSTE)","19:00","59931.628446875, 65506.6437557915","374"
"1205","Tardive","61, ROUTE DE LUXEMBOURG","19:00","66369.52180000022, 72618.03149954574","375"
"1206","Tardive","RUE JEAN JAURES (BUREAU DE POSTE)","19:00","73842.2356272727, 60574.5781231763","376"
"1208","Tardive","RUE DU BRILL (ARRET DE BUS)","19:00","68509.7416136364, 65254.5970495412","384"
"1209","Tardive","GRAND-RUE (BUREAU DE POSTE)","19:00","70768.0341899999, 61338.2461828732","398"
"1210","Tardive","5, RUE DU LAVOIR (BUREAU DE POSTE)","19:00","72506.10250000002, 70273.78069954383","406"
"1211","Tardive","219, AVENUE DE LA LIBERTE","19:00","59956.83189999964, 66710.90159954195","413"
"1212","Tardive","1, RUE PIERRE GREGOIRE (SUPERMARCHE CACTUS)","19:00","58837.9198880121, 69215.2988341551","419"
"1213","Tardive","13, AVENUE DE LA GARE (BUREAU DE POSTE)","19:00","58837.9198880121, 69215.2988341551","419"
"1214","Tardive","18, AVENUE DR GAASCH (BUREAU DE POSTE)","19:00","56447.0491000004, 68401.07879954355","423"
"1215","Tardive","3, AVENUE DE LA LIBERATION (BUREAU DE POSTE)","19:00","68726.07050000035, 63476.77059954199","429"
"1216","Tardive","RUE DE L'EGLISE (EGLISE)","19:00","64786.9634590909, 71913.5749859077","430"
"1217","Tardive","RUE GRANDE-DUCHESSE CHARLOTTE (CENTRE ADMINISTRATIF)","19:00","75477.6915653845, 90549.5843226279","88"
"1218","Normale","PLACE DES MARTYRS (23, ROUTE DE DIEKIRCH)","09:00","77420.8837999999, 80496.0087995476","458"
"1219","Tardive","RUE EDMOND REUTER (ZONE INDUSTRIELLE)","19:00","83930.8983885714, 73334.0917166872","44"
"1220","Tardive","MUNNEREFERSTROOSS","19:00","81966.2582084338, 64644.358575445","459"
"1221","Tardive","RUE DE WORMELDANGE (ECOLE)","19:00","85977.772948, 84290.9476775486","460"
"1222","Tardive","460, ROUTE DE THIONVILLE (BUREAU DE POSTE)","19:00","79318.28789999988, 70933.77049954442","10"
"1223","Tardive","31, RUE HIEL (BUREAU DE POSTE LANGWIES )","19:00","86217.61909999976, 85773.86989954831","77"
"1224","Normale","6, RUE DU VILLAGE (ANCIEN BUREAU DE POSTE)","09:00","86081.57540000045, 86490.4965995495","77"
"1226","Tardive","RUE GABRIEL LIPPMANN (ZONE D'ACTIVITE SYRDALL)","19:00","87497.7066363637, 78494.0129790917","97"
"1227","Normale","141, ROUTE DE TREVES (CENTRE COMMERCIAL LES ARCADES)","17:00","85682.34819999992, 79619.606399547","100"
"1228","Tardive","15, RUE DE LA GARE","19:00","86548.67530000031, 74256.4019995452","106"
"1229","Normale","2, OP DER KOPP (CENTRE DE DISTRIBUTION)","18:00","93530.83440000005, 68119.73499954214","114"
"1230","Tardive","4, RUE DE LA GARE","19:00","89685.88030000031, 81345.87139954879","461"
"1231","Tardive","27, RUE PRINCIPALE (BUREAU DE POSTE)","19:00","83667.29559999984, 75768.19079954647","123"
"1232","Tardive","PLACE DE L'EGLISE (EGLISE)","19:00","87275.5148125, 76588.5181370456","130"
"1233","Tardive","RUE DES ROMAINS (COIN RUE DU GOLF / RUE ROM.)","19:00","84687.7797264368, 79548.2427983974","8"
"1234","Tardive","1, RUE DE LA FONTAINE (BUREAU DE POSTE)","19:00","71559.80840000045, 75170.59559954502","3"
"1235","Tardive","3, RUE DES MEROVINGIENS (Z.I BOURMICHT)","19:00","73483.6700749999, 75062.5877870447","3"
"1236","Tardive","20, ROUTE D'ARLON (BUREAU DE POSTE SUPERMARCHE MATCH )","19:00","67707.42009999973, 78777.16429954658","370"
"1237","Tardive","RUE DE LUXEMBOURG (ROUTE DE LUXEMBOUG-STATION D'ESSENCE SHELL)","19:00","72672.5727857143, 74872.6260977594","3"
"1238","Tardive","14, RUE DU MILLENAIRE (BUREAU DE POSTE)","19:00","69407.26370000002, 76959.42229954527","410"
"1239","Tardive","9, ROUTE D'ARLON","19:00","70129.05590000005, 76981.8364995454","410"
"1240","Tardive","7, RUE DE LUXEMBOURG (BUREAU DE POSTE)","19:00","61781.33870000018, 80626.44689954836","433"
"1241","Normale","142, ROUTE D'ARLON","10:00","73206.92300000042, 76173.71559954624","14"
"1275","Tardive","10, RUE EMILE BIAN","19:00","76411.8914000001, 71687.25859954351","5"
"1276","Tardive","1, RUE AUGUSTE CHARLES (BUREAU DE POSTE BONNEVOIE)","19:00","77817.75059999988, 73802.45109954344","5"
"1278","Tardive","102, BOULEVARD DU GENERAL PATTON (ARRET BUS)","19:00","78145.68209999985, 74819.67199954459","5"
"1282","Tardive","RUE HENRI ENTRINGER (EGLISE HOWALD)","19:00","78319.6376538461, 71827.0768349285","4"
"1283","Tardive","RUE DES SCILLAS (SUPERMARCHE CACTUS HOWALD)","19:00","77620.3295250002, 71836.2009120439","4"
"1284","Tardive","BELLE-ETOILE (ESPACE POST BELLE ETOILE)","19:00","71437.0914500002, 76623.3473995445","3"
"1289","Normale","97, HAUPTSTROOSS (MAGASIN GAMM VERT)","10:30","74142.78369999955, 129322.04389956582","236"
"1290","Normale","CITE WAARKDALL (ROND-POINT (POTEAU))","08:00","74270.8924744731, 102689.22929979","348"
"1291","Normale","36, ROUTE D'ETTELBRUCK","17:00","77521.7143000001, 102208.09719955553","251"
"1292","Normale","2, RUE DE L'HOPITAL (RECEPTION HPPA)","08:00","68987.6112595612, 93191.5469039407","304"
"1294","Tardive","7, ROUTE DE LUXEMBOURG (BUREAU DE POSTE )","19:00","77127.15400000011, 80355.16339954722","2"
"1297","Normale","14, RUE PRINCIPALE (POSTSHOP)","14:00","63564.63059999983, 96813.98009955368","301"
"1299","Normale","1, RUE PRINCIPALE (1, RUE MICHELBOUCH (COIN RUE PRINCIPALE) (POTEAU))","09:00","67951.1514642534, 96456.0231140329","343"
"1301","Normale","RUE DE L'EGLISE (DEVANT EGLISE)","08:30","58837.9198880121, 69215.2988341551","419"
"1302","Normale","ROUTE DE MONDORF (PARC MERVEILLEUX (INTERIEUR DU PARC))","08:30","75400.589756475, 64726.2886943057","456"
"1304","Tardive","15, AVENUE LOU HEMMER (BUREAU DE POSTE)","19:00","87750.78100000047, 63407.97539954138","93"
"1305","Normale","RUE JUCKENFELD","08:30","94399.2954125001, 95062.7362370523","125"
"1306","Normale","24, HINNICK (CENTRE DE DISTRIBUTION)","14:30","72916.00899999964, 126334.39499956487","217"
"1308","Normale","RUE DU CIMETIERE (RUE DU CIMETIERE / RUE JEAN DE BECK)","09:00","77883.8198508475, 82794.9259537853","453"
"1309","Normale","PLACE GUILLAUME (BUREAU DE POSTE)","17:30","79207.8020555557, 103867.473888445","197"
"1310","Normale","1, ALLEE DU CARMEL","10:30","80313.52170000042, 76038.35249954528","5"
"1311","Normale","2C, AVENUE LUCIEN SALENTINY (BUREAU DE POSTE)","18:30","75307.25960000046, 101530.53579955551","216"
"1312","Tardive","ZONE D'ACTIVITES ECONOMIQUES KRAKELSHAFF (CENTRE DE TRI)","19:00","75400.589756475, 64726.2886943057","456"
"1313","Normale","64, GRUUSS-STROOSS (POSTSHOP KEUP )","17:00","73039.83660000007, 134383.07749956817","354"
"1314","Normale","34, RUE DE LUXEMBOURG","08:30","77705.07799999978, 82180.47559954831","453"
"1315","Normale","2C, AVENUE LUCIEN SALENTINY (BUREAU DE POSTE - SITUEE AU BORD DE LA RUE)","18:30","75307.25960000046, 101530.53579955551","216"
"1316","Normale","81, ESPLANADE DE LA MOSELLE","11:00","103415.7012000001, 86057.16279954821","141"
"1317","Normale","7, DIKRECHERSTROOSS","08:45","62476.832499999524, 89820.54569955083","462"
"1318","Normale","RUE DE LA GARE (COIN RTE. D'ARLON  RUE DE LA GARE)","09:00","66700.7697578948, 78641.8399469149","370"
"1319","Normale","1, RUE D'ARLON (SUPERMARCHE CACTUS WINDHOF (A L'INTERIEUR))","09:00","64870.2611072464, 79254.1910357783","463"
"1320","Normale","BASTNICHERSTROOSS (ARRET BUS (SUPERMARCHE KNAUF))","08:00","57869.9230476191, 114058.668642417","464"
"1321","Tardive","RUE PIERRE FLAMMANG (COIN ROUTE D'ARLON / RUE PIERRE FLAMMANG)","19:00","64856.7761333333, 79348.9763328809","463"
"1322","Normale","RUE DE NOSPELT (POSTSHOP)","08:00","70267.2975916666, 81867.6685078814","400"
"1323","Normale","15, RUE ENZ","08:00","94423.71079999955, 67809.43659954217","114"
"1324","Normale","199, RUE DE DIFFERDANGE (POSTSHOP SMATCH (A L'EXTERIEUR))","18:00","63189.4402425144, 65256.7940633699","366"
"1325","Normale","1, RUE ANDRE VESALE (INTERIEUR REHAZENTER)","08:00","80445.32799999972, 77079.03749954642","5"
"1327","Normale","75, ROBERT SCHUMAN-STROOSS","09:30","81812.10639999993, 63531.18179954109","459"
"1328","Normale","2, KINNEKSWEE","11:00","81260.45129999993, 65216.66519954265","459"
"1329","Normale","30, DUARREFSTROOSS","08:30","73363.5307, 133801.63899956783","354"
"1330","Normale","2, RUE GUILLAUME CAPUS","08:00","65800.880625641, 63774.0172354384","380"
"1331","Normale","ZONE INDUSTRIELLE SALZBAACH","08:30","61174.9290647059, 114076.773658383","358"
"1332","Normale","ALLEE DE LA POUDRERIE (PARKING)","10:00","75313.4791000002, 69276.7689245427","12"
"1335","Normale","ZONE D'ACTIVITES ECONOMIQUES LE TRIANGLE VERT","08:30","89721.1949523809, 64248.6191804935","51"
"1336","Normale","4, RUE ALEXIS HECK","11:00","79574.54409999959, 103707.09909955552","197"
"1337","Normale","22, CITE OP HUDELEN","10:30","69497.72420000003, 63735.23259954112","429"
"1338","Tardive","RUE CHARLES KIEFFER","19:00","60114.0185290322, 77896.5061898684","388"
"1339","Tardive","1, AM DUERF (PRES DE LA CABINE TELEPHONIQUE )","19:00","73924.98570000009, 60586.68249953859","376"
"1340","Tardive","8, RUE DE L'INDEPENDANCE","19:00","75082.67879999989, 64665.45639954153","456"
"1343","Normale","2, RUE LOHR (CACTUS MERSCH )","17:00","76066.73070000019, 90473.33699955037","88"
"1344","Normale","ZONE INDUSTRIELLE (ARRET DE BUS PRES NR 6)","18:00","70395.2476425808, 81417.5571072895","400"
"1346","Normale","2, MARBUERGERSTROOSS (CACTUS MARNACH )","18:00","73111.20270000026, 124009.62699956365","273"
"1352","Normale","3, AN DER RETSCH","08:30","85109.79729999976, 81080.37029954806","111"